Generic ID,YouTube Video ID,Frame Number
v_g005_102879,zPiaMsckaWM,102879
v_g005_102890,zPiaMsckaWM,102890
v_g005_102894,zPiaMsckaWM,102894
v_g005_102911,zPiaMsckaWM,102911
v_g005_102913,zPiaMsckaWM,102913
v_g005_102914,zPiaMsckaWM,102914
v_g005_103614,zPiaMsckaWM,103614
v_g005_103615,zPiaMsckaWM,103615
v_g005_103625,zPiaMsckaWM,103625
v_g005_103631,zPiaMsckaWM,103631
v_g005_103640,zPiaMsckaWM,103640
v_g005_10396,zPiaMsckaWM,10396
v_g005_104030,zPiaMsckaWM,104030
v_g005_104033,zPiaMsckaWM,104033
v_g005_104037,zPiaMsckaWM,104037
v_g005_104038,zPiaMsckaWM,104038
v_g005_104039,zPiaMsckaWM,104039
v_g005_104041,zPiaMsckaWM,104041
v_g005_104043,zPiaMsckaWM,104043
v_g005_104044,zPiaMsckaWM,104044
v_g005_104046,zPiaMsckaWM,104046
v_g005_104050,zPiaMsckaWM,104050
v_g005_104052,zPiaMsckaWM,104052
v_g005_10406,zPiaMsckaWM,10406
v_g005_10412,zPiaMsckaWM,10412
v_g005_106098,zPiaMsckaWM,106098
v_g005_106099,zPiaMsckaWM,106099
v_g005_106119,zPiaMsckaWM,106119
v_g005_106121,zPiaMsckaWM,106121
v_g005_107954,zPiaMsckaWM,107954
v_g005_107959,zPiaMsckaWM,107959
v_g005_107965,zPiaMsckaWM,107965
v_g005_107968,zPiaMsckaWM,107968
v_g005_107973,zPiaMsckaWM,107973
v_g005_107984,zPiaMsckaWM,107984
v_g005_107986,zPiaMsckaWM,107986
v_g005_107988,zPiaMsckaWM,107988
v_g005_107999,zPiaMsckaWM,107999
v_g005_108000,zPiaMsckaWM,108000
v_g005_108007,zPiaMsckaWM,108007
v_g005_108008,zPiaMsckaWM,108008
v_g005_108009,zPiaMsckaWM,108009
v_g005_108010,zPiaMsckaWM,108010
v_g005_110702,zPiaMsckaWM,110702
v_g005_110717,zPiaMsckaWM,110717
v_g005_110724,zPiaMsckaWM,110724
v_g005_110781,zPiaMsckaWM,110781
v_g005_112464,zPiaMsckaWM,112464
v_g005_112474,zPiaMsckaWM,112474
v_g005_112482,zPiaMsckaWM,112482
v_g005_112484,zPiaMsckaWM,112484
v_g005_113769,zPiaMsckaWM,113769
v_g005_113770,zPiaMsckaWM,113770
v_g005_113772,zPiaMsckaWM,113772
v_g005_113775,zPiaMsckaWM,113775
v_g005_113776,zPiaMsckaWM,113776
v_g005_113786,zPiaMsckaWM,113786
v_g005_114464,zPiaMsckaWM,114464
v_g005_114472,zPiaMsckaWM,114472
v_g005_114507,zPiaMsckaWM,114507
v_g005_116059,zPiaMsckaWM,116059
v_g005_116063,zPiaMsckaWM,116063
v_g005_116064,zPiaMsckaWM,116064
v_g005_116069,zPiaMsckaWM,116069
v_g005_116071,zPiaMsckaWM,116071
v_g005_116073,zPiaMsckaWM,116073
v_g005_116075,zPiaMsckaWM,116075
v_g005_116078,zPiaMsckaWM,116078
v_g005_116080,zPiaMsckaWM,116080
v_g005_117831,zPiaMsckaWM,117831
v_g005_117838,zPiaMsckaWM,117838
v_g005_117842,zPiaMsckaWM,117842
v_g005_117853,zPiaMsckaWM,117853
v_g005_117858,zPiaMsckaWM,117858
v_g005_117861,zPiaMsckaWM,117861
v_g005_117959,zPiaMsckaWM,117959
v_g005_117961,zPiaMsckaWM,117961
v_g005_117978,zPiaMsckaWM,117978
v_g005_119718,zPiaMsckaWM,119718
v_g005_119721,zPiaMsckaWM,119721
v_g005_119722,zPiaMsckaWM,119722
v_g005_119723,zPiaMsckaWM,119723
v_g005_119724,zPiaMsckaWM,119724
v_g005_119728,zPiaMsckaWM,119728
v_g005_119887,zPiaMsckaWM,119887
v_g005_119919,zPiaMsckaWM,119919
v_g005_119922,zPiaMsckaWM,119922
v_g005_121189,zPiaMsckaWM,121189
v_g005_121196,zPiaMsckaWM,121196
v_g005_123257,zPiaMsckaWM,123257
v_g005_123258,zPiaMsckaWM,123258
v_g005_123264,zPiaMsckaWM,123264
v_g005_123272,zPiaMsckaWM,123272
v_g005_123275,zPiaMsckaWM,123275
v_g005_126696,zPiaMsckaWM,126696
v_g005_127755,zPiaMsckaWM,127755
v_g005_127758,zPiaMsckaWM,127758
v_g005_127759,zPiaMsckaWM,127759
v_g005_127761,zPiaMsckaWM,127761
v_g005_127762,zPiaMsckaWM,127762
v_g005_127763,zPiaMsckaWM,127763
v_g005_127764,zPiaMsckaWM,127764
v_g005_127766,zPiaMsckaWM,127766
v_g005_127769,zPiaMsckaWM,127769
v_g005_127773,zPiaMsckaWM,127773
v_g005_127775,zPiaMsckaWM,127775
v_g005_127776,zPiaMsckaWM,127776
v_g005_127777,zPiaMsckaWM,127777
v_g005_128638,zPiaMsckaWM,128638
v_g005_128644,zPiaMsckaWM,128644
v_g005_128646,zPiaMsckaWM,128646
v_g005_128647,zPiaMsckaWM,128647
v_g005_131173,zPiaMsckaWM,131173
v_g005_131174,zPiaMsckaWM,131174
v_g005_131183,zPiaMsckaWM,131183
v_g005_131185,zPiaMsckaWM,131185
v_g005_131188,zPiaMsckaWM,131188
v_g005_131846,zPiaMsckaWM,131846
v_g005_131851,zPiaMsckaWM,131851
v_g005_131853,zPiaMsckaWM,131853
v_g005_131854,zPiaMsckaWM,131854
v_g005_131857,zPiaMsckaWM,131857
v_g005_131858,zPiaMsckaWM,131858
v_g005_131862,zPiaMsckaWM,131862
v_g005_131863,zPiaMsckaWM,131863
v_g005_132106,zPiaMsckaWM,132106
v_g005_132108,zPiaMsckaWM,132108
v_g005_132112,zPiaMsckaWM,132112
v_g005_132118,zPiaMsckaWM,132118
v_g005_13269,zPiaMsckaWM,13269
v_g005_13273,zPiaMsckaWM,13273
v_g005_13275,zPiaMsckaWM,13275
v_g005_13276,zPiaMsckaWM,13276
v_g005_13278,zPiaMsckaWM,13278
v_g005_13286,zPiaMsckaWM,13286
v_g005_13289,zPiaMsckaWM,13289
v_g005_13290,zPiaMsckaWM,13290
v_g005_13294,zPiaMsckaWM,13294
v_g005_13299,zPiaMsckaWM,13299
v_g005_133004,zPiaMsckaWM,133004
v_g005_133008,zPiaMsckaWM,133008
v_g005_133011,zPiaMsckaWM,133011
v_g005_133018,zPiaMsckaWM,133018
v_g005_133022,zPiaMsckaWM,133022
v_g005_133181,zPiaMsckaWM,133181
v_g005_133182,zPiaMsckaWM,133182
v_g005_133183,zPiaMsckaWM,133183
v_g005_133184,zPiaMsckaWM,133184
v_g005_133185,zPiaMsckaWM,133185
v_g005_133186,zPiaMsckaWM,133186
v_g005_133188,zPiaMsckaWM,133188
v_g005_134264,zPiaMsckaWM,134264
v_g005_134271,zPiaMsckaWM,134271
v_g005_134279,zPiaMsckaWM,134279
v_g005_134865,zPiaMsckaWM,134865
v_g005_134866,zPiaMsckaWM,134866
v_g005_134867,zPiaMsckaWM,134867
v_g005_134868,zPiaMsckaWM,134868
v_g005_134869,zPiaMsckaWM,134869
v_g005_134870,zPiaMsckaWM,134870
v_g005_134871,zPiaMsckaWM,134871
v_g005_134872,zPiaMsckaWM,134872
v_g005_134873,zPiaMsckaWM,134873
v_g005_134874,zPiaMsckaWM,134874
v_g005_134875,zPiaMsckaWM,134875
v_g005_134878,zPiaMsckaWM,134878
v_g005_134879,zPiaMsckaWM,134879
v_g005_134880,zPiaMsckaWM,134880
v_g005_134881,zPiaMsckaWM,134881
v_g005_134882,zPiaMsckaWM,134882
v_g005_134883,zPiaMsckaWM,134883
v_g005_134884,zPiaMsckaWM,134884
v_g005_134885,zPiaMsckaWM,134885
v_g005_134886,zPiaMsckaWM,134886
v_g005_136151,zPiaMsckaWM,136151
v_g005_136157,zPiaMsckaWM,136157
v_g005_137932,zPiaMsckaWM,137932
v_g005_13977,zPiaMsckaWM,13977
v_g005_13980,zPiaMsckaWM,13980
v_g005_139970,zPiaMsckaWM,139970
v_g005_139971,zPiaMsckaWM,139971
v_g005_139985,zPiaMsckaWM,139985
v_g005_139986,zPiaMsckaWM,139986
v_g005_140550,zPiaMsckaWM,140550
v_g005_140551,zPiaMsckaWM,140551
v_g005_140552,zPiaMsckaWM,140552
v_g005_140553,zPiaMsckaWM,140553
v_g005_140554,zPiaMsckaWM,140554
v_g005_140555,zPiaMsckaWM,140555
v_g005_140559,zPiaMsckaWM,140559
v_g005_140560,zPiaMsckaWM,140560
v_g005_140564,zPiaMsckaWM,140564
v_g005_140568,zPiaMsckaWM,140568
v_g005_140572,zPiaMsckaWM,140572
v_g005_141874,zPiaMsckaWM,141874
v_g005_141876,zPiaMsckaWM,141876
v_g005_141887,zPiaMsckaWM,141887
v_g005_141896,zPiaMsckaWM,141896
v_g005_143458,zPiaMsckaWM,143458
v_g005_143464,zPiaMsckaWM,143464
v_g005_143466,zPiaMsckaWM,143466
v_g005_143473,zPiaMsckaWM,143473
v_g005_144119,zPiaMsckaWM,144119
v_g005_144120,zPiaMsckaWM,144120
v_g005_144125,zPiaMsckaWM,144125
v_g005_144127,zPiaMsckaWM,144127
v_g005_144133,zPiaMsckaWM,144133
v_g005_144136,zPiaMsckaWM,144136
v_g005_144138,zPiaMsckaWM,144138
v_g005_14464,zPiaMsckaWM,14464
v_g005_14466,zPiaMsckaWM,14466
v_g005_14467,zPiaMsckaWM,14467
v_g005_14469,zPiaMsckaWM,14469
v_g005_14471,zPiaMsckaWM,14471
v_g005_14472,zPiaMsckaWM,14472
v_g005_14484,zPiaMsckaWM,14484
v_g005_146974,zPiaMsckaWM,146974
v_g005_146986,zPiaMsckaWM,146986
v_g005_146987,zPiaMsckaWM,146987
v_g005_146993,zPiaMsckaWM,146993
v_g005_150369,zPiaMsckaWM,150369
v_g005_151551,zPiaMsckaWM,151551
v_g005_151553,zPiaMsckaWM,151553
v_g005_151556,zPiaMsckaWM,151556
v_g005_151558,zPiaMsckaWM,151558
v_g005_151564,zPiaMsckaWM,151564
v_g005_151565,zPiaMsckaWM,151565
v_g005_151566,zPiaMsckaWM,151566
v_g005_153583,zPiaMsckaWM,153583
v_g005_153584,zPiaMsckaWM,153584
v_g005_153585,zPiaMsckaWM,153585
v_g005_153586,zPiaMsckaWM,153586
v_g005_153587,zPiaMsckaWM,153587
v_g005_153588,zPiaMsckaWM,153588
v_g005_153589,zPiaMsckaWM,153589
v_g005_155741,zPiaMsckaWM,155741
v_g005_155744,zPiaMsckaWM,155744
v_g005_155745,zPiaMsckaWM,155745
v_g005_156040,zPiaMsckaWM,156040
v_g005_156041,zPiaMsckaWM,156041
v_g005_156042,zPiaMsckaWM,156042
v_g005_156043,zPiaMsckaWM,156043
v_g005_156045,zPiaMsckaWM,156045
v_g005_156046,zPiaMsckaWM,156046
v_g005_156048,zPiaMsckaWM,156048
v_g005_156049,zPiaMsckaWM,156049
v_g005_156050,zPiaMsckaWM,156050
v_g005_156052,zPiaMsckaWM,156052
v_g005_156053,zPiaMsckaWM,156053
v_g005_156054,zPiaMsckaWM,156054
v_g005_156055,zPiaMsckaWM,156055
v_g005_156056,zPiaMsckaWM,156056
v_g005_156058,zPiaMsckaWM,156058
v_g005_156059,zPiaMsckaWM,156059
v_g005_156060,zPiaMsckaWM,156060
v_g005_156061,zPiaMsckaWM,156061
v_g005_157136,zPiaMsckaWM,157136
v_g005_157151,zPiaMsckaWM,157151
v_g005_157158,zPiaMsckaWM,157158
v_g005_157161,zPiaMsckaWM,157161
v_g005_157600,zPiaMsckaWM,157600
v_g005_157601,zPiaMsckaWM,157601
v_g005_157605,zPiaMsckaWM,157605
v_g005_157607,zPiaMsckaWM,157607
v_g005_157610,zPiaMsckaWM,157610
v_g005_157615,zPiaMsckaWM,157615
v_g005_157616,zPiaMsckaWM,157616
v_g005_157620,zPiaMsckaWM,157620
v_g005_15853,zPiaMsckaWM,15853
v_g005_15855,zPiaMsckaWM,15855
v_g005_15857,zPiaMsckaWM,15857
v_g005_15861,zPiaMsckaWM,15861
v_g005_15862,zPiaMsckaWM,15862
v_g005_15864,zPiaMsckaWM,15864
v_g005_15866,zPiaMsckaWM,15866
v_g005_15875,zPiaMsckaWM,15875
v_g005_158903,zPiaMsckaWM,158903
v_g005_158911,zPiaMsckaWM,158911
v_g005_158916,zPiaMsckaWM,158916
v_g005_158919,zPiaMsckaWM,158919
v_g005_159323,zPiaMsckaWM,159323
v_g005_159324,zPiaMsckaWM,159324
v_g005_159325,zPiaMsckaWM,159325
v_g005_159327,zPiaMsckaWM,159327
v_g005_159328,zPiaMsckaWM,159328
v_g005_159329,zPiaMsckaWM,159329
v_g005_159330,zPiaMsckaWM,159330
v_g005_159331,zPiaMsckaWM,159331
v_g005_159332,zPiaMsckaWM,159332
v_g005_159341,zPiaMsckaWM,159341
v_g005_159343,zPiaMsckaWM,159343
v_g005_159344,zPiaMsckaWM,159344
v_g005_159346,zPiaMsckaWM,159346
v_g005_159347,zPiaMsckaWM,159347
v_g005_161043,zPiaMsckaWM,161043
v_g005_161047,zPiaMsckaWM,161047
v_g005_161049,zPiaMsckaWM,161049
v_g005_161050,zPiaMsckaWM,161050
v_g005_161052,zPiaMsckaWM,161052
v_g005_161053,zPiaMsckaWM,161053
v_g005_161054,zPiaMsckaWM,161054
v_g005_161056,zPiaMsckaWM,161056
v_g005_161057,zPiaMsckaWM,161057
v_g005_161059,zPiaMsckaWM,161059
v_g005_161060,zPiaMsckaWM,161060
v_g005_161064,zPiaMsckaWM,161064
v_g005_161068,zPiaMsckaWM,161068
v_g005_161070,zPiaMsckaWM,161070
v_g005_161071,zPiaMsckaWM,161071
v_g005_161073,zPiaMsckaWM,161073
v_g005_161125,zPiaMsckaWM,161125
v_g005_161129,zPiaMsckaWM,161129
v_g005_161130,zPiaMsckaWM,161130
v_g005_161144,zPiaMsckaWM,161144
v_g005_161145,zPiaMsckaWM,161145
v_g005_162946,zPiaMsckaWM,162946
v_g005_162947,zPiaMsckaWM,162947
v_g005_162951,zPiaMsckaWM,162951
v_g005_162952,zPiaMsckaWM,162952
v_g005_162956,zPiaMsckaWM,162956
v_g005_162957,zPiaMsckaWM,162957
v_g005_162958,zPiaMsckaWM,162958
v_g005_162959,zPiaMsckaWM,162959
v_g005_162961,zPiaMsckaWM,162961
v_g005_162966,zPiaMsckaWM,162966
v_g005_162968,zPiaMsckaWM,162968
v_g005_163107,zPiaMsckaWM,163107
v_g005_16425,zPiaMsckaWM,16425
v_g005_16428,zPiaMsckaWM,16428
v_g005_16433,zPiaMsckaWM,16433
v_g005_164412,zPiaMsckaWM,164412
v_g005_164423,zPiaMsckaWM,164423
v_g005_164429,zPiaMsckaWM,164429
v_g005_164430,zPiaMsckaWM,164430
v_g005_164431,zPiaMsckaWM,164431
v_g005_164433,zPiaMsckaWM,164433
v_g005_164434,zPiaMsckaWM,164434
v_g005_164439,zPiaMsckaWM,164439
v_g005_164453,zPiaMsckaWM,164453
v_g005_16449,zPiaMsckaWM,16449
v_g005_16452,zPiaMsckaWM,16452
v_g005_16458,zPiaMsckaWM,16458
v_g005_165859,zPiaMsckaWM,165859
v_g005_165860,zPiaMsckaWM,165860
v_g005_165863,zPiaMsckaWM,165863
v_g005_165872,zPiaMsckaWM,165872
v_g005_167829,zPiaMsckaWM,167829
v_g005_167830,zPiaMsckaWM,167830
v_g005_167833,zPiaMsckaWM,167833
v_g005_167834,zPiaMsckaWM,167834
v_g005_167838,zPiaMsckaWM,167838
v_g005_167842,zPiaMsckaWM,167842
v_g005_167843,zPiaMsckaWM,167843
v_g005_167845,zPiaMsckaWM,167845
v_g005_167846,zPiaMsckaWM,167846
v_g005_167848,zPiaMsckaWM,167848
v_g005_167850,zPiaMsckaWM,167850
v_g005_167851,zPiaMsckaWM,167851
v_g005_167852,zPiaMsckaWM,167852
v_g005_171016,zPiaMsckaWM,171016
v_g005_171018,zPiaMsckaWM,171018
v_g005_171020,zPiaMsckaWM,171020
v_g005_171024,zPiaMsckaWM,171024
v_g005_171025,zPiaMsckaWM,171025
v_g005_171026,zPiaMsckaWM,171026
v_g005_171028,zPiaMsckaWM,171028
v_g005_171031,zPiaMsckaWM,171031
v_g005_171034,zPiaMsckaWM,171034
v_g005_171037,zPiaMsckaWM,171037
v_g005_171038,zPiaMsckaWM,171038
v_g005_171040,zPiaMsckaWM,171040
v_g005_17278,zPiaMsckaWM,17278
v_g005_17288,zPiaMsckaWM,17288
v_g005_17294,zPiaMsckaWM,17294
v_g005_17295,zPiaMsckaWM,17295
v_g005_17296,zPiaMsckaWM,17296
v_g005_172962,zPiaMsckaWM,172962
v_g005_172964,zPiaMsckaWM,172964
v_g005_172965,zPiaMsckaWM,172965
v_g005_17297,zPiaMsckaWM,17297
v_g005_17300,zPiaMsckaWM,17300
v_g005_174642,zPiaMsckaWM,174642
v_g005_174650,zPiaMsckaWM,174650
v_g005_174651,zPiaMsckaWM,174651
v_g005_174838,zPiaMsckaWM,174838
v_g005_174842,zPiaMsckaWM,174842
v_g005_177183,zPiaMsckaWM,177183
v_g005_177187,zPiaMsckaWM,177187
v_g005_177190,zPiaMsckaWM,177190
v_g005_177191,zPiaMsckaWM,177191
v_g005_177193,zPiaMsckaWM,177193
v_g005_177195,zPiaMsckaWM,177195
v_g005_177196,zPiaMsckaWM,177196
v_g005_177204,zPiaMsckaWM,177204
v_g005_178349,zPiaMsckaWM,178349
v_g005_178384,zPiaMsckaWM,178384
v_g005_178390,zPiaMsckaWM,178390
v_g005_179389,zPiaMsckaWM,179389
v_g005_179390,zPiaMsckaWM,179390
v_g005_179395,zPiaMsckaWM,179395
v_g005_179396,zPiaMsckaWM,179396
v_g005_179407,zPiaMsckaWM,179407
v_g005_179811,zPiaMsckaWM,179811
v_g005_179815,zPiaMsckaWM,179815
v_g005_179819,zPiaMsckaWM,179819
v_g005_179820,zPiaMsckaWM,179820
v_g005_179821,zPiaMsckaWM,179821
v_g005_179827,zPiaMsckaWM,179827
v_g005_179839,zPiaMsckaWM,179839
v_g005_181571,zPiaMsckaWM,181571
v_g005_181574,zPiaMsckaWM,181574
v_g005_181580,zPiaMsckaWM,181580
v_g005_182106,zPiaMsckaWM,182106
v_g005_182110,zPiaMsckaWM,182110
v_g005_182116,zPiaMsckaWM,182116
v_g005_182117,zPiaMsckaWM,182117
v_g005_182118,zPiaMsckaWM,182118
v_g005_182120,zPiaMsckaWM,182120
v_g005_182125,zPiaMsckaWM,182125
v_g005_182126,zPiaMsckaWM,182126
v_g005_183006,zPiaMsckaWM,183006
v_g005_183012,zPiaMsckaWM,183012
v_g005_183013,zPiaMsckaWM,183013
v_g005_18373,zPiaMsckaWM,18373
v_g005_18379,zPiaMsckaWM,18379
v_g005_18383,zPiaMsckaWM,18383
v_g005_18387,zPiaMsckaWM,18387
v_g005_18391,zPiaMsckaWM,18391
v_g005_184276,zPiaMsckaWM,184276
v_g005_184284,zPiaMsckaWM,184284
v_g005_184287,zPiaMsckaWM,184287
v_g005_184299,zPiaMsckaWM,184299
v_g005_184305,zPiaMsckaWM,184305
v_g005_184306,zPiaMsckaWM,184306
v_g005_186018,zPiaMsckaWM,186018
v_g005_186021,zPiaMsckaWM,186021
v_g005_186023,zPiaMsckaWM,186023
v_g005_186024,zPiaMsckaWM,186024
v_g005_186025,zPiaMsckaWM,186025
v_g005_186036,zPiaMsckaWM,186036
v_g005_186039,zPiaMsckaWM,186039
v_g005_186041,zPiaMsckaWM,186041
v_g005_186419,zPiaMsckaWM,186419
v_g005_188454,zPiaMsckaWM,188454
v_g005_188458,zPiaMsckaWM,188458
v_g005_188460,zPiaMsckaWM,188460
v_g005_188462,zPiaMsckaWM,188462
v_g005_188469,zPiaMsckaWM,188469
v_g005_188471,zPiaMsckaWM,188471
v_g005_188472,zPiaMsckaWM,188472
v_g005_188475,zPiaMsckaWM,188475
v_g005_188588,zPiaMsckaWM,188588
v_g005_188591,zPiaMsckaWM,188591
v_g005_188602,zPiaMsckaWM,188602
v_g005_18883,zPiaMsckaWM,18883
v_g005_18885,zPiaMsckaWM,18885
v_g005_18887,zPiaMsckaWM,18887
v_g005_18894,zPiaMsckaWM,18894
v_g005_191334,zPiaMsckaWM,191334
v_g005_191340,zPiaMsckaWM,191340
v_g005_192618,zPiaMsckaWM,192618
v_g005_192620,zPiaMsckaWM,192620
v_g005_192624,zPiaMsckaWM,192624
v_g005_192625,zPiaMsckaWM,192625
v_g005_192626,zPiaMsckaWM,192626
v_g005_192627,zPiaMsckaWM,192627
v_g005_192628,zPiaMsckaWM,192628
v_g005_192629,zPiaMsckaWM,192629
v_g005_192630,zPiaMsckaWM,192630
v_g005_192631,zPiaMsckaWM,192631
v_g005_192632,zPiaMsckaWM,192632
v_g005_192635,zPiaMsckaWM,192635
v_g005_192636,zPiaMsckaWM,192636
v_g005_192638,zPiaMsckaWM,192638
v_g005_192640,zPiaMsckaWM,192640
v_g005_192641,zPiaMsckaWM,192641
v_g005_194859,zPiaMsckaWM,194859
v_g005_194865,zPiaMsckaWM,194865
v_g005_195641,zPiaMsckaWM,195641
v_g005_195645,zPiaMsckaWM,195645
v_g005_197085,zPiaMsckaWM,197085
v_g005_197091,zPiaMsckaWM,197091
v_g005_197097,zPiaMsckaWM,197097
v_g005_197431,zPiaMsckaWM,197431
v_g005_197432,zPiaMsckaWM,197432
v_g005_197438,zPiaMsckaWM,197438
v_g005_197440,zPiaMsckaWM,197440
v_g005_197441,zPiaMsckaWM,197441
v_g005_197447,zPiaMsckaWM,197447
v_g005_197448,zPiaMsckaWM,197448
v_g005_197451,zPiaMsckaWM,197451
v_g005_197453,zPiaMsckaWM,197453
v_g005_19814,zPiaMsckaWM,19814
v_g005_19816,zPiaMsckaWM,19816
v_g005_19819,zPiaMsckaWM,19819
v_g005_19820,zPiaMsckaWM,19820
v_g005_19824,zPiaMsckaWM,19824
v_g005_19825,zPiaMsckaWM,19825
v_g005_19828,zPiaMsckaWM,19828
v_g005_19830,zPiaMsckaWM,19830
v_g005_19838,zPiaMsckaWM,19838
v_g005_19839,zPiaMsckaWM,19839
v_g005_19841,zPiaMsckaWM,19841
v_g005_19844,zPiaMsckaWM,19844
v_g005_19846,zPiaMsckaWM,19846
v_g005_19848,zPiaMsckaWM,19848
v_g005_19849,zPiaMsckaWM,19849
v_g005_19855,zPiaMsckaWM,19855
v_g005_19856,zPiaMsckaWM,19856
v_g005_19857,zPiaMsckaWM,19857
v_g005_19860,zPiaMsckaWM,19860
v_g005_198874,zPiaMsckaWM,198874
v_g005_198890,zPiaMsckaWM,198890
v_g005_198909,zPiaMsckaWM,198909
v_g005_201143,zPiaMsckaWM,201143
v_g005_201144,zPiaMsckaWM,201144
v_g005_201145,zPiaMsckaWM,201145
v_g005_201146,zPiaMsckaWM,201146
v_g005_201147,zPiaMsckaWM,201147
v_g005_201148,zPiaMsckaWM,201148
v_g005_201149,zPiaMsckaWM,201149
v_g005_201150,zPiaMsckaWM,201150
v_g005_201151,zPiaMsckaWM,201151
v_g005_201152,zPiaMsckaWM,201152
v_g005_201153,zPiaMsckaWM,201153
v_g005_201154,zPiaMsckaWM,201154
v_g005_201155,zPiaMsckaWM,201155
v_g005_201156,zPiaMsckaWM,201156
v_g005_201158,zPiaMsckaWM,201158
v_g005_201160,zPiaMsckaWM,201160
v_g005_201162,zPiaMsckaWM,201162
v_g005_201163,zPiaMsckaWM,201163
v_g005_201164,zPiaMsckaWM,201164
v_g005_201892,zPiaMsckaWM,201892
v_g005_201893,zPiaMsckaWM,201893
v_g005_201894,zPiaMsckaWM,201894
v_g005_201901,zPiaMsckaWM,201901
v_g005_201902,zPiaMsckaWM,201902
v_g005_201903,zPiaMsckaWM,201903
v_g005_201905,zPiaMsckaWM,201905
v_g005_201908,zPiaMsckaWM,201908
v_g005_203265,zPiaMsckaWM,203265
v_g005_203268,zPiaMsckaWM,203268
v_g005_203277,zPiaMsckaWM,203277
v_g005_203283,zPiaMsckaWM,203283
v_g005_203284,zPiaMsckaWM,203284
v_g005_203286,zPiaMsckaWM,203286
v_g005_203294,zPiaMsckaWM,203294
v_g005_204814,zPiaMsckaWM,204814
v_g005_204837,zPiaMsckaWM,204837
v_g005_204840,zPiaMsckaWM,204840
v_g005_204841,zPiaMsckaWM,204841
v_g005_206019,zPiaMsckaWM,206019
v_g005_206028,zPiaMsckaWM,206028
v_g005_206052,zPiaMsckaWM,206052
v_g005_206060,zPiaMsckaWM,206060
v_g005_206061,zPiaMsckaWM,206061
v_g005_206664,zPiaMsckaWM,206664
v_g005_206665,zPiaMsckaWM,206665
v_g005_206667,zPiaMsckaWM,206667
v_g005_206668,zPiaMsckaWM,206668
v_g005_206669,zPiaMsckaWM,206669
v_g005_206677,zPiaMsckaWM,206677
v_g005_206682,zPiaMsckaWM,206682
v_g005_206683,zPiaMsckaWM,206683
v_g005_208859,zPiaMsckaWM,208859
v_g005_208862,zPiaMsckaWM,208862
v_g005_208863,zPiaMsckaWM,208863
v_g005_208865,zPiaMsckaWM,208865
v_g005_208866,zPiaMsckaWM,208866
v_g005_208868,zPiaMsckaWM,208868
v_g005_208871,zPiaMsckaWM,208871
v_g005_208872,zPiaMsckaWM,208872
v_g005_209370,zPiaMsckaWM,209370
v_g005_209388,zPiaMsckaWM,209388
v_g005_209394,zPiaMsckaWM,209394
v_g005_209396,zPiaMsckaWM,209396
v_g005_209397,zPiaMsckaWM,209397
v_g005_209404,zPiaMsckaWM,209404
v_g005_209445,zPiaMsckaWM,209445
v_g005_209446,zPiaMsckaWM,209446
v_g005_209447,zPiaMsckaWM,209447
v_g005_209452,zPiaMsckaWM,209452
v_g005_209453,zPiaMsckaWM,209453
v_g005_209454,zPiaMsckaWM,209454
v_g005_209947,zPiaMsckaWM,209947
v_g005_209950,zPiaMsckaWM,209950
v_g005_209965,zPiaMsckaWM,209965
v_g005_209978,zPiaMsckaWM,209978
v_g005_209979,zPiaMsckaWM,209979
v_g005_210791,zPiaMsckaWM,210791
v_g005_210793,zPiaMsckaWM,210793
v_g005_210797,zPiaMsckaWM,210797
v_g005_210803,zPiaMsckaWM,210803
v_g005_210804,zPiaMsckaWM,210804
v_g005_210805,zPiaMsckaWM,210805
v_g005_210806,zPiaMsckaWM,210806
v_g005_210807,zPiaMsckaWM,210807
v_g005_211849,zPiaMsckaWM,211849
v_g005_211851,zPiaMsckaWM,211851
v_g005_211854,zPiaMsckaWM,211854
v_g005_211861,zPiaMsckaWM,211861
v_g005_211862,zPiaMsckaWM,211862
v_g005_211866,zPiaMsckaWM,211866
v_g005_212160,zPiaMsckaWM,212160
v_g005_212161,zPiaMsckaWM,212161
v_g005_212162,zPiaMsckaWM,212162
v_g005_212170,zPiaMsckaWM,212170
v_g005_212171,zPiaMsckaWM,212171
v_g005_212172,zPiaMsckaWM,212172
v_g005_212176,zPiaMsckaWM,212176
v_g005_212177,zPiaMsckaWM,212177
v_g005_212178,zPiaMsckaWM,212178
v_g005_212179,zPiaMsckaWM,212179
v_g005_212180,zPiaMsckaWM,212180
v_g005_212991,zPiaMsckaWM,212991
v_g005_213013,zPiaMsckaWM,213013
v_g005_213016,zPiaMsckaWM,213016
v_g005_213632,zPiaMsckaWM,213632
v_g005_213633,zPiaMsckaWM,213633
v_g005_213634,zPiaMsckaWM,213634
v_g005_213636,zPiaMsckaWM,213636
v_g005_213637,zPiaMsckaWM,213637
v_g005_213638,zPiaMsckaWM,213638
v_g005_213639,zPiaMsckaWM,213639
v_g005_219534,zPiaMsckaWM,219534
v_g005_219536,zPiaMsckaWM,219536
v_g005_219540,zPiaMsckaWM,219540
v_g005_219544,zPiaMsckaWM,219544
v_g005_219550,zPiaMsckaWM,219550
v_g005_219553,zPiaMsckaWM,219553
v_g005_221337,zPiaMsckaWM,221337
v_g005_221348,zPiaMsckaWM,221348
v_g005_221359,zPiaMsckaWM,221359
v_g005_22286,zPiaMsckaWM,22286
v_g005_22287,zPiaMsckaWM,22287
v_g005_22288,zPiaMsckaWM,22288
v_g005_22289,zPiaMsckaWM,22289
v_g005_22290,zPiaMsckaWM,22290
v_g005_22291,zPiaMsckaWM,22291
v_g005_22292,zPiaMsckaWM,22292
v_g005_22293,zPiaMsckaWM,22293
v_g005_22294,zPiaMsckaWM,22294
v_g005_22295,zPiaMsckaWM,22295
v_g005_22296,zPiaMsckaWM,22296
v_g005_22297,zPiaMsckaWM,22297
v_g005_223549,zPiaMsckaWM,223549
v_g005_223550,zPiaMsckaWM,223550
v_g005_223551,zPiaMsckaWM,223551
v_g005_223553,zPiaMsckaWM,223553
v_g005_223554,zPiaMsckaWM,223554
v_g005_223556,zPiaMsckaWM,223556
v_g005_223557,zPiaMsckaWM,223557
v_g005_223558,zPiaMsckaWM,223558
v_g005_223560,zPiaMsckaWM,223560
v_g005_223565,zPiaMsckaWM,223565
v_g005_223569,zPiaMsckaWM,223569
v_g005_223570,zPiaMsckaWM,223570
v_g005_223571,zPiaMsckaWM,223571
v_g005_223572,zPiaMsckaWM,223572
v_g005_223574,zPiaMsckaWM,223574
v_g005_224697,zPiaMsckaWM,224697
v_g005_224707,zPiaMsckaWM,224707
v_g005_224713,zPiaMsckaWM,224713
v_g005_225372,zPiaMsckaWM,225372
v_g005_225387,zPiaMsckaWM,225387
v_g005_22955,zPiaMsckaWM,22955
v_g005_22982,zPiaMsckaWM,22982
v_g005_230500,zPiaMsckaWM,230500
v_g005_230501,zPiaMsckaWM,230501
v_g005_230505,zPiaMsckaWM,230505
v_g005_230510,zPiaMsckaWM,230510
v_g005_230526,zPiaMsckaWM,230526
v_g005_232237,zPiaMsckaWM,232237
v_g005_232238,zPiaMsckaWM,232238
v_g005_232240,zPiaMsckaWM,232240
v_g005_232241,zPiaMsckaWM,232241
v_g005_232243,zPiaMsckaWM,232243
v_g005_232244,zPiaMsckaWM,232244
v_g005_232245,zPiaMsckaWM,232245
v_g005_232246,zPiaMsckaWM,232246
v_g005_232247,zPiaMsckaWM,232247
v_g005_232249,zPiaMsckaWM,232249
v_g005_232504,zPiaMsckaWM,232504
v_g005_232509,zPiaMsckaWM,232509
v_g005_232510,zPiaMsckaWM,232510
v_g005_234507,zPiaMsckaWM,234507
v_g005_234509,zPiaMsckaWM,234509
v_g005_234519,zPiaMsckaWM,234519
v_g005_234520,zPiaMsckaWM,234520
v_g005_234527,zPiaMsckaWM,234527
v_g005_234532,zPiaMsckaWM,234532
v_g005_234535,zPiaMsckaWM,234535
v_g005_235638,zPiaMsckaWM,235638
v_g005_235651,zPiaMsckaWM,235651
v_g005_235653,zPiaMsckaWM,235653
v_g005_235660,zPiaMsckaWM,235660
v_g005_235669,zPiaMsckaWM,235669
v_g005_235671,zPiaMsckaWM,235671
v_g005_235672,zPiaMsckaWM,235672
v_g005_235676,zPiaMsckaWM,235676
v_g005_235677,zPiaMsckaWM,235677
v_g005_235681,zPiaMsckaWM,235681
v_g005_235699,zPiaMsckaWM,235699
v_g005_236924,zPiaMsckaWM,236924
v_g005_236935,zPiaMsckaWM,236935
v_g005_236937,zPiaMsckaWM,236937
v_g005_236942,zPiaMsckaWM,236942
v_g005_236944,zPiaMsckaWM,236944
v_g005_23743,zPiaMsckaWM,23743
v_g005_23744,zPiaMsckaWM,23744
v_g005_23745,zPiaMsckaWM,23745
v_g005_23747,zPiaMsckaWM,23747
v_g005_23757,zPiaMsckaWM,23757
v_g005_23760,zPiaMsckaWM,23760
v_g005_238058,zPiaMsckaWM,238058
v_g005_238060,zPiaMsckaWM,238060
v_g005_238069,zPiaMsckaWM,238069
v_g005_238072,zPiaMsckaWM,238072
v_g005_238080,zPiaMsckaWM,238080
v_g005_238082,zPiaMsckaWM,238082
v_g005_238084,zPiaMsckaWM,238084
v_g005_238092,zPiaMsckaWM,238092
v_g005_239071,zPiaMsckaWM,239071
v_g005_239072,zPiaMsckaWM,239072
v_g005_239077,zPiaMsckaWM,239077
v_g005_239090,zPiaMsckaWM,239090
v_g005_239091,zPiaMsckaWM,239091
v_g005_239655,zPiaMsckaWM,239655
v_g005_239660,zPiaMsckaWM,239660
v_g005_239661,zPiaMsckaWM,239661
v_g005_239662,zPiaMsckaWM,239662
v_g005_239663,zPiaMsckaWM,239663
v_g005_239664,zPiaMsckaWM,239664
v_g005_239665,zPiaMsckaWM,239665
v_g005_239667,zPiaMsckaWM,239667
v_g005_239668,zPiaMsckaWM,239668
v_g005_239669,zPiaMsckaWM,239669
v_g005_241275,zPiaMsckaWM,241275
v_g005_241278,zPiaMsckaWM,241278
v_g005_241281,zPiaMsckaWM,241281
v_g005_241282,zPiaMsckaWM,241282
v_g005_241285,zPiaMsckaWM,241285
v_g005_241290,zPiaMsckaWM,241290
v_g005_241294,zPiaMsckaWM,241294
v_g005_24198,zPiaMsckaWM,24198
v_g005_24206,zPiaMsckaWM,24206
v_g005_24209,zPiaMsckaWM,24209
v_g005_242094,zPiaMsckaWM,242094
v_g005_242098,zPiaMsckaWM,242098
v_g005_242099,zPiaMsckaWM,242099
v_g005_242102,zPiaMsckaWM,242102
v_g005_242110,zPiaMsckaWM,242110
v_g005_242116,zPiaMsckaWM,242116
v_g005_242117,zPiaMsckaWM,242117
v_g005_242121,zPiaMsckaWM,242121
v_g005_242123,zPiaMsckaWM,242123
v_g005_242125,zPiaMsckaWM,242125
v_g005_24215,zPiaMsckaWM,24215
v_g005_24216,zPiaMsckaWM,24216
v_g005_243618,zPiaMsckaWM,243618
v_g005_243635,zPiaMsckaWM,243635
v_g005_243637,zPiaMsckaWM,243637
v_g005_243640,zPiaMsckaWM,243640
v_g005_243666,zPiaMsckaWM,243666
v_g005_243667,zPiaMsckaWM,243667
v_g005_243668,zPiaMsckaWM,243668
v_g005_243670,zPiaMsckaWM,243670
v_g005_243671,zPiaMsckaWM,243671
v_g005_243675,zPiaMsckaWM,243675
v_g005_243676,zPiaMsckaWM,243676
v_g005_243677,zPiaMsckaWM,243677
v_g005_243678,zPiaMsckaWM,243678
v_g005_243679,zPiaMsckaWM,243679
v_g005_243680,zPiaMsckaWM,243680
v_g005_243682,zPiaMsckaWM,243682
v_g005_243683,zPiaMsckaWM,243683
v_g005_243684,zPiaMsckaWM,243684
v_g005_243686,zPiaMsckaWM,243686
v_g005_243687,zPiaMsckaWM,243687
v_g005_24516,zPiaMsckaWM,24516
v_g005_24517,zPiaMsckaWM,24517
v_g005_24518,zPiaMsckaWM,24518
v_g005_24520,zPiaMsckaWM,24520
v_g005_24523,zPiaMsckaWM,24523
v_g005_24528,zPiaMsckaWM,24528
v_g005_24529,zPiaMsckaWM,24529
v_g005_24532,zPiaMsckaWM,24532
v_g005_248355,zPiaMsckaWM,248355
v_g005_248357,zPiaMsckaWM,248357
v_g005_248360,zPiaMsckaWM,248360
v_g005_248362,zPiaMsckaWM,248362
v_g005_248365,zPiaMsckaWM,248365
v_g005_248367,zPiaMsckaWM,248367
v_g005_248369,zPiaMsckaWM,248369
v_g005_248373,zPiaMsckaWM,248373
v_g005_248374,zPiaMsckaWM,248374
v_g005_248375,zPiaMsckaWM,248375
v_g005_248376,zPiaMsckaWM,248376
v_g005_248377,zPiaMsckaWM,248377
v_g005_248378,zPiaMsckaWM,248378
v_g005_248381,zPiaMsckaWM,248381
v_g005_248382,zPiaMsckaWM,248382
v_g005_248385,zPiaMsckaWM,248385
v_g005_248387,zPiaMsckaWM,248387
v_g005_250611,zPiaMsckaWM,250611
v_g005_250612,zPiaMsckaWM,250612
v_g005_250613,zPiaMsckaWM,250613
v_g005_250614,zPiaMsckaWM,250614
v_g005_250615,zPiaMsckaWM,250615
v_g005_250616,zPiaMsckaWM,250616
v_g005_250617,zPiaMsckaWM,250617
v_g005_250618,zPiaMsckaWM,250618
v_g005_250619,zPiaMsckaWM,250619
v_g005_250620,zPiaMsckaWM,250620
v_g005_250621,zPiaMsckaWM,250621
v_g005_250622,zPiaMsckaWM,250622
v_g005_250623,zPiaMsckaWM,250623
v_g005_250624,zPiaMsckaWM,250624
v_g005_250625,zPiaMsckaWM,250625
v_g005_250626,zPiaMsckaWM,250626
v_g005_250627,zPiaMsckaWM,250627
v_g005_250628,zPiaMsckaWM,250628
v_g005_250629,zPiaMsckaWM,250629
v_g005_252778,zPiaMsckaWM,252778
v_g005_254860,zPiaMsckaWM,254860
v_g005_254861,zPiaMsckaWM,254861
v_g005_254862,zPiaMsckaWM,254862
v_g005_254864,zPiaMsckaWM,254864
v_g005_254865,zPiaMsckaWM,254865
v_g005_254868,zPiaMsckaWM,254868
v_g005_254869,zPiaMsckaWM,254869
v_g005_254873,zPiaMsckaWM,254873
v_g005_254875,zPiaMsckaWM,254875
v_g005_254877,zPiaMsckaWM,254877
v_g005_254878,zPiaMsckaWM,254878
v_g005_254881,zPiaMsckaWM,254881
v_g005_25497,zPiaMsckaWM,25497
v_g005_25502,zPiaMsckaWM,25502
v_g005_257638,zPiaMsckaWM,257638
v_g005_257640,zPiaMsckaWM,257640
v_g005_257647,zPiaMsckaWM,257647
v_g005_257649,zPiaMsckaWM,257649
v_g005_257654,zPiaMsckaWM,257654
v_g005_257660,zPiaMsckaWM,257660
v_g005_257947,zPiaMsckaWM,257947
v_g005_257948,zPiaMsckaWM,257948
v_g005_257950,zPiaMsckaWM,257950
v_g005_257951,zPiaMsckaWM,257951
v_g005_257953,zPiaMsckaWM,257953
v_g005_257964,zPiaMsckaWM,257964
v_g005_257965,zPiaMsckaWM,257965
v_g005_258442,zPiaMsckaWM,258442
v_g005_258443,zPiaMsckaWM,258443
v_g005_258445,zPiaMsckaWM,258445
v_g005_258448,zPiaMsckaWM,258448
v_g005_259495,zPiaMsckaWM,259495
v_g005_259502,zPiaMsckaWM,259502
v_g005_261460,zPiaMsckaWM,261460
v_g005_261464,zPiaMsckaWM,261464
v_g005_261468,zPiaMsckaWM,261468
v_g005_26351,zPiaMsckaWM,26351
v_g005_26352,zPiaMsckaWM,26352
v_g005_26357,zPiaMsckaWM,26357
v_g005_26359,zPiaMsckaWM,26359
v_g005_26374,zPiaMsckaWM,26374
v_g005_26380,zPiaMsckaWM,26380
v_g005_265718,zPiaMsckaWM,265718
v_g005_265719,zPiaMsckaWM,265719
v_g005_265733,zPiaMsckaWM,265733
v_g005_266863,zPiaMsckaWM,266863
v_g005_266865,zPiaMsckaWM,266865
v_g005_266868,zPiaMsckaWM,266868
v_g005_266871,zPiaMsckaWM,266871
v_g005_266875,zPiaMsckaWM,266875
v_g005_266877,zPiaMsckaWM,266877
v_g005_266879,zPiaMsckaWM,266879
v_g005_266883,zPiaMsckaWM,266883
v_g005_266884,zPiaMsckaWM,266884
v_g005_266893,zPiaMsckaWM,266893
v_g005_266896,zPiaMsckaWM,266896
v_g005_266917,zPiaMsckaWM,266917
v_g005_266922,zPiaMsckaWM,266922
v_g005_266936,zPiaMsckaWM,266936
v_g005_26710,zPiaMsckaWM,26710
v_g005_26713,zPiaMsckaWM,26713
v_g005_26715,zPiaMsckaWM,26715
v_g005_26717,zPiaMsckaWM,26717
v_g005_26718,zPiaMsckaWM,26718
v_g005_26722,zPiaMsckaWM,26722
v_g005_26724,zPiaMsckaWM,26724
v_g005_26726,zPiaMsckaWM,26726
v_g005_26727,zPiaMsckaWM,26727
v_g005_26737,zPiaMsckaWM,26737
v_g005_267558,zPiaMsckaWM,267558
v_g005_268530,zPiaMsckaWM,268530
v_g005_268533,zPiaMsckaWM,268533
v_g005_268534,zPiaMsckaWM,268534
v_g005_268536,zPiaMsckaWM,268536
v_g005_268540,zPiaMsckaWM,268540
v_g005_268542,zPiaMsckaWM,268542
v_g005_268547,zPiaMsckaWM,268547
v_g005_268552,zPiaMsckaWM,268552
v_g005_268850,zPiaMsckaWM,268850
v_g005_268865,zPiaMsckaWM,268865
v_g005_268881,zPiaMsckaWM,268881
v_g005_268891,zPiaMsckaWM,268891
v_g005_269261,zPiaMsckaWM,269261
v_g005_269262,zPiaMsckaWM,269262
v_g005_269271,zPiaMsckaWM,269271
v_g005_269278,zPiaMsckaWM,269278
v_g005_269280,zPiaMsckaWM,269280
v_g005_271840,zPiaMsckaWM,271840
v_g005_271848,zPiaMsckaWM,271848
v_g005_271849,zPiaMsckaWM,271849
v_g005_271850,zPiaMsckaWM,271850
v_g005_271859,zPiaMsckaWM,271859
v_g005_271867,zPiaMsckaWM,271867
v_g005_271869,zPiaMsckaWM,271869
v_g005_271870,zPiaMsckaWM,271870
v_g005_271876,zPiaMsckaWM,271876
v_g005_273605,zPiaMsckaWM,273605
v_g005_273608,zPiaMsckaWM,273608
v_g005_273610,zPiaMsckaWM,273610
v_g005_273620,zPiaMsckaWM,273620
v_g005_273627,zPiaMsckaWM,273627
v_g005_273628,zPiaMsckaWM,273628
v_g005_276635,zPiaMsckaWM,276635
v_g005_276637,zPiaMsckaWM,276637
v_g005_276645,zPiaMsckaWM,276645
v_g005_276646,zPiaMsckaWM,276646
v_g005_276651,zPiaMsckaWM,276651
v_g005_276656,zPiaMsckaWM,276656
v_g005_277533,zPiaMsckaWM,277533
v_g005_277534,zPiaMsckaWM,277534
v_g005_277535,zPiaMsckaWM,277535
v_g005_277536,zPiaMsckaWM,277536
v_g005_277537,zPiaMsckaWM,277537
v_g005_277538,zPiaMsckaWM,277538
v_g005_277539,zPiaMsckaWM,277539
v_g005_277540,zPiaMsckaWM,277540
v_g005_277541,zPiaMsckaWM,277541
v_g005_277542,zPiaMsckaWM,277542
v_g005_277543,zPiaMsckaWM,277543
v_g005_277544,zPiaMsckaWM,277544
v_g005_277546,zPiaMsckaWM,277546
v_g005_277547,zPiaMsckaWM,277547
v_g005_277548,zPiaMsckaWM,277548
v_g005_277549,zPiaMsckaWM,277549
v_g005_277551,zPiaMsckaWM,277551
v_g005_278536,zPiaMsckaWM,278536
v_g005_278543,zPiaMsckaWM,278543
v_g005_278547,zPiaMsckaWM,278547
v_g005_281311,zPiaMsckaWM,281311
v_g005_281313,zPiaMsckaWM,281313
v_g005_281323,zPiaMsckaWM,281323
v_g005_281324,zPiaMsckaWM,281324
v_g005_281332,zPiaMsckaWM,281332
v_g005_283255,zPiaMsckaWM,283255
v_g005_283265,zPiaMsckaWM,283265
v_g005_283273,zPiaMsckaWM,283273
v_g005_284226,zPiaMsckaWM,284226
v_g005_284227,zPiaMsckaWM,284227
v_g005_284229,zPiaMsckaWM,284229
v_g005_284230,zPiaMsckaWM,284230
v_g005_284231,zPiaMsckaWM,284231
v_g005_284232,zPiaMsckaWM,284232
v_g005_284233,zPiaMsckaWM,284233
v_g005_284234,zPiaMsckaWM,284234
v_g005_284236,zPiaMsckaWM,284236
v_g005_284237,zPiaMsckaWM,284237
v_g005_284238,zPiaMsckaWM,284238
v_g005_284239,zPiaMsckaWM,284239
v_g005_284560,zPiaMsckaWM,284560
v_g005_284571,zPiaMsckaWM,284571
v_g005_284576,zPiaMsckaWM,284576
v_g005_285785,zPiaMsckaWM,285785
v_g005_285808,zPiaMsckaWM,285808
v_g005_285814,zPiaMsckaWM,285814
v_g005_285967,zPiaMsckaWM,285967
v_g005_285968,zPiaMsckaWM,285968
v_g005_285969,zPiaMsckaWM,285969
v_g005_285970,zPiaMsckaWM,285970
v_g005_285971,zPiaMsckaWM,285971
v_g005_285972,zPiaMsckaWM,285972
v_g005_285973,zPiaMsckaWM,285973
v_g005_285974,zPiaMsckaWM,285974
v_g005_285975,zPiaMsckaWM,285975
v_g005_285976,zPiaMsckaWM,285976
v_g005_285977,zPiaMsckaWM,285977
v_g005_285978,zPiaMsckaWM,285978
v_g005_287288,zPiaMsckaWM,287288
v_g005_287305,zPiaMsckaWM,287305
v_g005_287306,zPiaMsckaWM,287306
v_g005_287336,zPiaMsckaWM,287336
v_g005_287812,zPiaMsckaWM,287812
v_g005_287813,zPiaMsckaWM,287813
v_g005_287814,zPiaMsckaWM,287814
v_g005_287815,zPiaMsckaWM,287815
v_g005_287816,zPiaMsckaWM,287816
v_g005_287818,zPiaMsckaWM,287818
v_g005_287820,zPiaMsckaWM,287820
v_g005_287821,zPiaMsckaWM,287821
v_g005_287822,zPiaMsckaWM,287822
v_g005_287823,zPiaMsckaWM,287823
v_g005_287824,zPiaMsckaWM,287824
v_g005_287825,zPiaMsckaWM,287825
v_g005_287826,zPiaMsckaWM,287826
v_g005_287827,zPiaMsckaWM,287827
v_g005_288819,zPiaMsckaWM,288819
v_g005_288845,zPiaMsckaWM,288845
v_g005_288854,zPiaMsckaWM,288854
v_g005_290532,zPiaMsckaWM,290532
v_g005_290573,zPiaMsckaWM,290573
v_g005_290575,zPiaMsckaWM,290575
v_g005_290576,zPiaMsckaWM,290576
v_g005_290580,zPiaMsckaWM,290580
v_g005_290582,zPiaMsckaWM,290582
v_g005_290583,zPiaMsckaWM,290583
v_g005_290584,zPiaMsckaWM,290584
v_g005_290587,zPiaMsckaWM,290587
v_g005_290590,zPiaMsckaWM,290590
v_g005_290593,zPiaMsckaWM,290593
v_g005_290594,zPiaMsckaWM,290594
v_g005_290595,zPiaMsckaWM,290595
v_g005_29076,zPiaMsckaWM,29076
v_g005_29077,zPiaMsckaWM,29077
v_g005_29078,zPiaMsckaWM,29078
v_g005_29081,zPiaMsckaWM,29081
v_g005_29082,zPiaMsckaWM,29082
v_g005_29086,zPiaMsckaWM,29086
v_g005_29089,zPiaMsckaWM,29089
v_g005_29091,zPiaMsckaWM,29091
v_g005_29092,zPiaMsckaWM,29092
v_g005_29095,zPiaMsckaWM,29095
v_g005_29096,zPiaMsckaWM,29096
v_g005_292379,zPiaMsckaWM,292379
v_g005_292380,zPiaMsckaWM,292380
v_g005_292383,zPiaMsckaWM,292383
v_g005_292387,zPiaMsckaWM,292387
v_g005_292389,zPiaMsckaWM,292389
v_g005_292391,zPiaMsckaWM,292391
v_g005_292392,zPiaMsckaWM,292392
v_g005_292397,zPiaMsckaWM,292397
v_g005_295936,zPiaMsckaWM,295936
v_g005_295937,zPiaMsckaWM,295937
v_g005_295942,zPiaMsckaWM,295942
v_g005_296755,zPiaMsckaWM,296755
v_g005_296769,zPiaMsckaWM,296769
v_g005_296780,zPiaMsckaWM,296780
v_g005_300686,zPiaMsckaWM,300686
v_g005_300688,zPiaMsckaWM,300688
v_g005_300691,zPiaMsckaWM,300691
v_g005_300694,zPiaMsckaWM,300694
v_g005_300695,zPiaMsckaWM,300695
v_g005_300697,zPiaMsckaWM,300697
v_g005_300698,zPiaMsckaWM,300698
v_g005_300699,zPiaMsckaWM,300699
v_g005_300700,zPiaMsckaWM,300700
v_g005_300701,zPiaMsckaWM,300701
v_g005_300702,zPiaMsckaWM,300702
v_g005_300703,zPiaMsckaWM,300703
v_g005_300704,zPiaMsckaWM,300704
v_g005_301498,zPiaMsckaWM,301498
v_g005_301501,zPiaMsckaWM,301501
v_g005_301509,zPiaMsckaWM,301509
v_g005_301515,zPiaMsckaWM,301515
v_g005_301521,zPiaMsckaWM,301521
v_g005_301528,zPiaMsckaWM,301528
v_g005_301682,zPiaMsckaWM,301682
v_g005_301683,zPiaMsckaWM,301683
v_g005_301686,zPiaMsckaWM,301686
v_g005_301687,zPiaMsckaWM,301687
v_g005_301689,zPiaMsckaWM,301689
v_g005_301690,zPiaMsckaWM,301690
v_g005_301692,zPiaMsckaWM,301692
v_g005_301693,zPiaMsckaWM,301693
v_g005_301695,zPiaMsckaWM,301695
v_g005_30436,zPiaMsckaWM,30436
v_g005_30441,zPiaMsckaWM,30441
v_g005_30445,zPiaMsckaWM,30445
v_g005_30450,zPiaMsckaWM,30450
v_g005_30451,zPiaMsckaWM,30451
v_g005_30458,zPiaMsckaWM,30458
v_g005_30509,zPiaMsckaWM,30509
v_g005_30510,zPiaMsckaWM,30510
v_g005_30511,zPiaMsckaWM,30511
v_g005_30512,zPiaMsckaWM,30512
v_g005_306693,zPiaMsckaWM,306693
v_g005_306699,zPiaMsckaWM,306699
v_g005_308523,zPiaMsckaWM,308523
v_g005_308530,zPiaMsckaWM,308530
v_g005_308533,zPiaMsckaWM,308533
v_g005_308535,zPiaMsckaWM,308535
v_g005_308539,zPiaMsckaWM,308539
v_g005_309056,zPiaMsckaWM,309056
v_g005_309057,zPiaMsckaWM,309057
v_g005_309070,zPiaMsckaWM,309070
v_g005_309072,zPiaMsckaWM,309072
v_g005_309073,zPiaMsckaWM,309073
v_g005_309076,zPiaMsckaWM,309076
v_g005_309077,zPiaMsckaWM,309077
v_g005_309078,zPiaMsckaWM,309078
v_g005_310767,zPiaMsckaWM,310767
v_g005_310768,zPiaMsckaWM,310768
v_g005_310785,zPiaMsckaWM,310785
v_g005_310799,zPiaMsckaWM,310799
v_g005_310801,zPiaMsckaWM,310801
v_g005_310808,zPiaMsckaWM,310808
v_g005_310809,zPiaMsckaWM,310809
v_g005_310813,zPiaMsckaWM,310813
v_g005_31097,zPiaMsckaWM,31097
v_g005_31098,zPiaMsckaWM,31098
v_g005_31099,zPiaMsckaWM,31099
v_g005_31100,zPiaMsckaWM,31100
v_g005_31101,zPiaMsckaWM,31101
v_g005_31103,zPiaMsckaWM,31103
v_g005_31105,zPiaMsckaWM,31105
v_g005_31107,zPiaMsckaWM,31107
v_g005_31109,zPiaMsckaWM,31109
v_g005_31110,zPiaMsckaWM,31110
v_g005_31111,zPiaMsckaWM,31111
v_g005_31113,zPiaMsckaWM,31113
v_g005_31114,zPiaMsckaWM,31114
v_g005_31116,zPiaMsckaWM,31116
v_g005_31117,zPiaMsckaWM,31117
v_g005_31120,zPiaMsckaWM,31120
v_g005_315047,zPiaMsckaWM,315047
v_g005_315048,zPiaMsckaWM,315048
v_g005_315070,zPiaMsckaWM,315070
v_g005_315775,zPiaMsckaWM,315775
v_g005_315776,zPiaMsckaWM,315776
v_g005_315777,zPiaMsckaWM,315777
v_g005_315778,zPiaMsckaWM,315778
v_g005_315779,zPiaMsckaWM,315779
v_g005_315780,zPiaMsckaWM,315780
v_g005_315782,zPiaMsckaWM,315782
v_g005_315783,zPiaMsckaWM,315783
v_g005_317815,zPiaMsckaWM,317815
v_g005_317819,zPiaMsckaWM,317819
v_g005_317821,zPiaMsckaWM,317821
v_g005_317822,zPiaMsckaWM,317822
v_g005_317831,zPiaMsckaWM,317831
v_g005_317833,zPiaMsckaWM,317833
v_g005_317839,zPiaMsckaWM,317839
v_g005_318202,zPiaMsckaWM,318202
v_g005_318204,zPiaMsckaWM,318204
v_g005_318206,zPiaMsckaWM,318206
v_g005_318218,zPiaMsckaWM,318218
v_g005_319237,zPiaMsckaWM,319237
v_g005_319238,zPiaMsckaWM,319238
v_g005_319241,zPiaMsckaWM,319241
v_g005_319243,zPiaMsckaWM,319243
v_g005_319244,zPiaMsckaWM,319244
v_g005_319248,zPiaMsckaWM,319248
v_g005_319249,zPiaMsckaWM,319249
v_g005_319252,zPiaMsckaWM,319252
v_g005_319253,zPiaMsckaWM,319253
v_g005_319254,zPiaMsckaWM,319254
v_g005_319256,zPiaMsckaWM,319256
v_g005_319257,zPiaMsckaWM,319257
v_g005_319259,zPiaMsckaWM,319259
v_g005_319260,zPiaMsckaWM,319260
v_g005_320306,zPiaMsckaWM,320306
v_g005_320307,zPiaMsckaWM,320307
v_g005_320320,zPiaMsckaWM,320320
v_g005_322786,zPiaMsckaWM,322786
v_g005_322794,zPiaMsckaWM,322794
v_g005_324060,zPiaMsckaWM,324060
v_g005_324062,zPiaMsckaWM,324062
v_g005_324066,zPiaMsckaWM,324066
v_g005_324068,zPiaMsckaWM,324068
v_g005_324073,zPiaMsckaWM,324073
v_g005_324076,zPiaMsckaWM,324076
v_g005_324077,zPiaMsckaWM,324077
v_g005_324078,zPiaMsckaWM,324078
v_g005_324081,zPiaMsckaWM,324081
v_g005_324082,zPiaMsckaWM,324082
v_g005_324791,zPiaMsckaWM,324791
v_g005_324796,zPiaMsckaWM,324796
v_g005_325226,zPiaMsckaWM,325226
v_g005_325235,zPiaMsckaWM,325235
v_g005_325242,zPiaMsckaWM,325242
v_g005_325244,zPiaMsckaWM,325244
v_g005_325245,zPiaMsckaWM,325245
v_g005_325246,zPiaMsckaWM,325246
v_g005_325247,zPiaMsckaWM,325247
v_g005_326787,zPiaMsckaWM,326787
v_g005_326791,zPiaMsckaWM,326791
v_g005_326792,zPiaMsckaWM,326792
v_g005_326795,zPiaMsckaWM,326795
v_g005_326798,zPiaMsckaWM,326798
v_g005_326805,zPiaMsckaWM,326805
v_g005_326807,zPiaMsckaWM,326807
v_g005_327167,zPiaMsckaWM,327167
v_g005_327168,zPiaMsckaWM,327168
v_g005_327169,zPiaMsckaWM,327169
v_g005_327171,zPiaMsckaWM,327171
v_g005_327175,zPiaMsckaWM,327175
v_g005_327178,zPiaMsckaWM,327178
v_g005_327182,zPiaMsckaWM,327182
v_g005_327183,zPiaMsckaWM,327183
v_g005_327185,zPiaMsckaWM,327185
v_g005_327186,zPiaMsckaWM,327186
v_g005_327187,zPiaMsckaWM,327187
v_g005_327189,zPiaMsckaWM,327189
v_g005_327190,zPiaMsckaWM,327190
v_g005_329339,zPiaMsckaWM,329339
v_g005_329340,zPiaMsckaWM,329340
v_g005_329345,zPiaMsckaWM,329345
v_g005_329348,zPiaMsckaWM,329348
v_g005_329352,zPiaMsckaWM,329352
v_g005_329356,zPiaMsckaWM,329356
v_g005_329358,zPiaMsckaWM,329358
v_g005_329359,zPiaMsckaWM,329359
v_g005_329360,zPiaMsckaWM,329360
v_g005_329690,zPiaMsckaWM,329690
v_g005_329691,zPiaMsckaWM,329691
v_g005_329692,zPiaMsckaWM,329692
v_g005_331504,zPiaMsckaWM,331504
v_g005_331509,zPiaMsckaWM,331509
v_g005_33562,zPiaMsckaWM,33562
v_g005_33563,zPiaMsckaWM,33563
v_g005_33564,zPiaMsckaWM,33564
v_g005_33565,zPiaMsckaWM,33565
v_g005_33566,zPiaMsckaWM,33566
v_g005_33567,zPiaMsckaWM,33567
v_g005_33568,zPiaMsckaWM,33568
v_g005_33570,zPiaMsckaWM,33570
v_g005_33572,zPiaMsckaWM,33572
v_g005_33573,zPiaMsckaWM,33573
v_g005_33574,zPiaMsckaWM,33574
v_g005_33575,zPiaMsckaWM,33575
v_g005_33579,zPiaMsckaWM,33579
v_g005_33580,zPiaMsckaWM,33580
v_g005_33581,zPiaMsckaWM,33581
v_g005_33582,zPiaMsckaWM,33582
v_g005_33583,zPiaMsckaWM,33583
v_g005_33585,zPiaMsckaWM,33585
v_g005_34306,zPiaMsckaWM,34306
v_g005_34318,zPiaMsckaWM,34318
v_g005_34844,zPiaMsckaWM,34844
v_g005_34859,zPiaMsckaWM,34859
v_g005_34880,zPiaMsckaWM,34880
v_g005_35263,zPiaMsckaWM,35263
v_g005_35267,zPiaMsckaWM,35267
v_g005_35271,zPiaMsckaWM,35271
v_g005_35272,zPiaMsckaWM,35272
v_g005_36371,zPiaMsckaWM,36371
v_g005_36373,zPiaMsckaWM,36373
v_g005_36378,zPiaMsckaWM,36378
v_g005_36379,zPiaMsckaWM,36379
v_g005_36502,zPiaMsckaWM,36502
v_g005_36503,zPiaMsckaWM,36503
v_g005_36504,zPiaMsckaWM,36504
v_g005_36511,zPiaMsckaWM,36511
v_g005_36521,zPiaMsckaWM,36521
v_g005_36522,zPiaMsckaWM,36522
v_g005_36525,zPiaMsckaWM,36525
v_g005_38291,zPiaMsckaWM,38291
v_g005_38304,zPiaMsckaWM,38304
v_g005_38305,zPiaMsckaWM,38305
v_g005_38308,zPiaMsckaWM,38308
v_g005_38314,zPiaMsckaWM,38314
v_g005_38321,zPiaMsckaWM,38321
v_g005_38326,zPiaMsckaWM,38326
v_g005_38327,zPiaMsckaWM,38327
v_g005_41289,zPiaMsckaWM,41289
v_g005_41304,zPiaMsckaWM,41304
v_g005_41308,zPiaMsckaWM,41308
v_g005_41312,zPiaMsckaWM,41312
v_g005_41314,zPiaMsckaWM,41314
v_g005_42052,zPiaMsckaWM,42052
v_g005_42058,zPiaMsckaWM,42058
v_g005_42070,zPiaMsckaWM,42070
v_g005_42075,zPiaMsckaWM,42075
v_g005_42576,zPiaMsckaWM,42576
v_g005_42579,zPiaMsckaWM,42579
v_g005_42584,zPiaMsckaWM,42584
v_g005_42591,zPiaMsckaWM,42591
v_g005_42594,zPiaMsckaWM,42594
v_g005_43978,zPiaMsckaWM,43978
v_g005_43979,zPiaMsckaWM,43979
v_g005_43981,zPiaMsckaWM,43981
v_g005_43983,zPiaMsckaWM,43983
v_g005_43985,zPiaMsckaWM,43985
v_g005_43987,zPiaMsckaWM,43987
v_g005_43990,zPiaMsckaWM,43990
v_g005_43994,zPiaMsckaWM,43994
v_g005_43997,zPiaMsckaWM,43997
v_g005_44000,zPiaMsckaWM,44000
v_g005_44002,zPiaMsckaWM,44002
v_g005_44003,zPiaMsckaWM,44003
v_g005_44671,zPiaMsckaWM,44671
v_g005_44684,zPiaMsckaWM,44684
v_g005_44688,zPiaMsckaWM,44688
v_g005_44703,zPiaMsckaWM,44703
v_g005_45941,zPiaMsckaWM,45941
v_g005_45948,zPiaMsckaWM,45948
v_g005_45954,zPiaMsckaWM,45954
v_g005_45955,zPiaMsckaWM,45955
v_g005_47731,zPiaMsckaWM,47731
v_g005_47732,zPiaMsckaWM,47732
v_g005_47733,zPiaMsckaWM,47733
v_g005_47734,zPiaMsckaWM,47734
v_g005_47735,zPiaMsckaWM,47735
v_g005_47739,zPiaMsckaWM,47739
v_g005_47743,zPiaMsckaWM,47743
v_g005_49227,zPiaMsckaWM,49227
v_g005_49228,zPiaMsckaWM,49228
v_g005_49229,zPiaMsckaWM,49229
v_g005_49231,zPiaMsckaWM,49231
v_g005_49232,zPiaMsckaWM,49232
v_g005_49233,zPiaMsckaWM,49233
v_g005_49234,zPiaMsckaWM,49234
v_g005_49664,zPiaMsckaWM,49664
v_g005_49678,zPiaMsckaWM,49678
v_g005_51745,zPiaMsckaWM,51745
v_g005_51766,zPiaMsckaWM,51766
v_g005_51767,zPiaMsckaWM,51767
v_g005_52101,zPiaMsckaWM,52101
v_g005_52105,zPiaMsckaWM,52105
v_g005_52107,zPiaMsckaWM,52107
v_g005_52108,zPiaMsckaWM,52108
v_g005_52109,zPiaMsckaWM,52109
v_g005_52110,zPiaMsckaWM,52110
v_g005_52111,zPiaMsckaWM,52111
v_g005_52112,zPiaMsckaWM,52112
v_g005_52114,zPiaMsckaWM,52114
v_g005_52116,zPiaMsckaWM,52116
v_g005_52118,zPiaMsckaWM,52118
v_g005_52119,zPiaMsckaWM,52119
v_g005_52121,zPiaMsckaWM,52121
v_g005_52123,zPiaMsckaWM,52123
v_g005_52124,zPiaMsckaWM,52124
v_g005_52125,zPiaMsckaWM,52125
v_g005_52127,zPiaMsckaWM,52127
v_g005_52128,zPiaMsckaWM,52128
v_g005_52130,zPiaMsckaWM,52130
v_g005_53828,zPiaMsckaWM,53828
v_g005_53830,zPiaMsckaWM,53830
v_g005_53833,zPiaMsckaWM,53833
v_g005_53835,zPiaMsckaWM,53835
v_g005_53838,zPiaMsckaWM,53838
v_g005_53839,zPiaMsckaWM,53839
v_g005_53843,zPiaMsckaWM,53843
v_g005_53845,zPiaMsckaWM,53845
v_g005_53848,zPiaMsckaWM,53848
v_g005_53850,zPiaMsckaWM,53850
v_g005_53941,zPiaMsckaWM,53941
v_g005_56994,zPiaMsckaWM,56994
v_g005_57005,zPiaMsckaWM,57005
v_g005_57008,zPiaMsckaWM,57008
v_g005_57013,zPiaMsckaWM,57013
v_g005_57021,zPiaMsckaWM,57021
v_g005_57022,zPiaMsckaWM,57022
v_g005_57708,zPiaMsckaWM,57708
v_g005_57732,zPiaMsckaWM,57732
v_g005_57733,zPiaMsckaWM,57733
v_g005_57740,zPiaMsckaWM,57740
v_g005_5823,zPiaMsckaWM,5823
v_g005_5825,zPiaMsckaWM,5825
v_g005_5835,zPiaMsckaWM,5835
v_g005_5837,zPiaMsckaWM,5837
v_g005_5844,zPiaMsckaWM,5844
v_g005_60673,zPiaMsckaWM,60673
v_g005_60675,zPiaMsckaWM,60675
v_g005_60678,zPiaMsckaWM,60678
v_g005_60683,zPiaMsckaWM,60683
v_g005_6242,zPiaMsckaWM,6242
v_g005_6244,zPiaMsckaWM,6244
v_g005_6247,zPiaMsckaWM,6247
v_g005_6253,zPiaMsckaWM,6253
v_g005_6254,zPiaMsckaWM,6254
v_g005_62573,zPiaMsckaWM,62573
v_g005_62576,zPiaMsckaWM,62576
v_g005_62582,zPiaMsckaWM,62582
v_g005_62583,zPiaMsckaWM,62583
v_g005_62586,zPiaMsckaWM,62586
v_g005_62594,zPiaMsckaWM,62594
v_g005_62595,zPiaMsckaWM,62595
v_g005_64484,zPiaMsckaWM,64484
v_g005_67013,zPiaMsckaWM,67013
v_g005_67014,zPiaMsckaWM,67014
v_g005_67016,zPiaMsckaWM,67016
v_g005_67017,zPiaMsckaWM,67017
v_g005_70181,zPiaMsckaWM,70181
v_g005_70182,zPiaMsckaWM,70182
v_g005_70183,zPiaMsckaWM,70183
v_g005_70194,zPiaMsckaWM,70194
v_g005_71662,zPiaMsckaWM,71662
v_g005_71663,zPiaMsckaWM,71663
v_g005_71665,zPiaMsckaWM,71665
v_g005_71667,zPiaMsckaWM,71667
v_g005_71672,zPiaMsckaWM,71672
v_g005_71673,zPiaMsckaWM,71673
v_g005_71674,zPiaMsckaWM,71674
v_g005_71676,zPiaMsckaWM,71676
v_g005_71678,zPiaMsckaWM,71678
v_g005_71679,zPiaMsckaWM,71679
v_g005_73891,zPiaMsckaWM,73891
v_g005_75156,zPiaMsckaWM,75156
v_g005_75157,zPiaMsckaWM,75157
v_g005_75158,zPiaMsckaWM,75158
v_g005_75159,zPiaMsckaWM,75159
v_g005_75160,zPiaMsckaWM,75160
v_g005_75161,zPiaMsckaWM,75161
v_g005_75162,zPiaMsckaWM,75162
v_g005_75171,zPiaMsckaWM,75171
v_g005_76563,zPiaMsckaWM,76563
v_g005_76574,zPiaMsckaWM,76574
v_g005_76710,zPiaMsckaWM,76710
v_g005_76711,zPiaMsckaWM,76711
v_g005_76714,zPiaMsckaWM,76714
v_g005_76715,zPiaMsckaWM,76715
v_g005_76716,zPiaMsckaWM,76716
v_g005_76718,zPiaMsckaWM,76718
v_g005_76719,zPiaMsckaWM,76719
v_g005_78420,zPiaMsckaWM,78420
v_g005_78422,zPiaMsckaWM,78422
v_g005_78425,zPiaMsckaWM,78425
v_g005_78429,zPiaMsckaWM,78429
v_g005_78433,zPiaMsckaWM,78433
v_g005_78438,zPiaMsckaWM,78438
v_g005_78963,zPiaMsckaWM,78963
v_g005_78964,zPiaMsckaWM,78964
v_g005_79826,zPiaMsckaWM,79826
v_g005_79830,zPiaMsckaWM,79830
v_g005_79831,zPiaMsckaWM,79831
v_g005_79833,zPiaMsckaWM,79833
v_g005_79834,zPiaMsckaWM,79834
v_g005_79835,zPiaMsckaWM,79835
v_g005_79837,zPiaMsckaWM,79837
v_g005_79838,zPiaMsckaWM,79838
v_g005_79839,zPiaMsckaWM,79839
v_g005_79840,zPiaMsckaWM,79840
v_g005_79847,zPiaMsckaWM,79847
v_g005_79848,zPiaMsckaWM,79848
v_g005_79960,zPiaMsckaWM,79960
v_g005_79965,zPiaMsckaWM,79965
v_g005_82098,zPiaMsckaWM,82098
v_g005_82101,zPiaMsckaWM,82101
v_g005_82102,zPiaMsckaWM,82102
v_g005_82106,zPiaMsckaWM,82106
v_g005_82110,zPiaMsckaWM,82110
v_g005_82807,zPiaMsckaWM,82807
v_g005_82821,zPiaMsckaWM,82821
v_g005_82826,zPiaMsckaWM,82826
v_g005_84781,zPiaMsckaWM,84781
v_g005_84783,zPiaMsckaWM,84783
v_g005_84785,zPiaMsckaWM,84785
v_g005_84786,zPiaMsckaWM,84786
v_g005_84790,zPiaMsckaWM,84790
v_g005_84791,zPiaMsckaWM,84791
v_g005_84796,zPiaMsckaWM,84796
v_g005_84803,zPiaMsckaWM,84803
v_g005_84810,zPiaMsckaWM,84810
v_g005_86109,zPiaMsckaWM,86109
v_g005_86112,zPiaMsckaWM,86112
v_g005_86114,zPiaMsckaWM,86114
v_g005_86115,zPiaMsckaWM,86115
v_g005_86121,zPiaMsckaWM,86121
v_g005_86122,zPiaMsckaWM,86122
v_g005_86123,zPiaMsckaWM,86123
v_g005_86124,zPiaMsckaWM,86124
v_g005_86125,zPiaMsckaWM,86125
v_g005_86128,zPiaMsckaWM,86128
v_g005_86130,zPiaMsckaWM,86130
v_g005_89427,zPiaMsckaWM,89427
v_g005_9192,zPiaMsckaWM,9192
v_g005_91941,zPiaMsckaWM,91941
v_g005_91944,zPiaMsckaWM,91944
v_g005_91946,zPiaMsckaWM,91946
v_g005_91950,zPiaMsckaWM,91950
v_g005_91951,zPiaMsckaWM,91951
v_g005_91953,zPiaMsckaWM,91953
v_g005_91956,zPiaMsckaWM,91956
v_g005_91959,zPiaMsckaWM,91959
v_g005_91961,zPiaMsckaWM,91961
v_g005_91962,zPiaMsckaWM,91962
v_g005_91963,zPiaMsckaWM,91963
v_g005_91967,zPiaMsckaWM,91967
v_g005_91968,zPiaMsckaWM,91968
v_g005_91970,zPiaMsckaWM,91970
v_g005_92772,zPiaMsckaWM,92772
v_g005_92877,zPiaMsckaWM,92877
v_g005_92879,zPiaMsckaWM,92879
v_g005_92880,zPiaMsckaWM,92880
v_g005_92882,zPiaMsckaWM,92882
v_g005_92883,zPiaMsckaWM,92883
v_g005_92885,zPiaMsckaWM,92885
v_g005_92886,zPiaMsckaWM,92886
v_g005_92887,zPiaMsckaWM,92887
v_g005_92890,zPiaMsckaWM,92890
v_g005_92893,zPiaMsckaWM,92893
v_g005_92896,zPiaMsckaWM,92896
v_g005_92897,zPiaMsckaWM,92897
v_g005_92898,zPiaMsckaWM,92898
v_g005_92900,zPiaMsckaWM,92900
v_g005_92901,zPiaMsckaWM,92901
v_g005_94160,zPiaMsckaWM,94160
v_g005_94162,zPiaMsckaWM,94162
v_g005_94165,zPiaMsckaWM,94165
v_g005_94167,zPiaMsckaWM,94167
v_g005_94169,zPiaMsckaWM,94169
v_g005_94170,zPiaMsckaWM,94170
v_g005_94171,zPiaMsckaWM,94171
v_g005_94173,zPiaMsckaWM,94173
v_g005_94179,zPiaMsckaWM,94179
v_g005_94624,zPiaMsckaWM,94624
v_g005_94626,zPiaMsckaWM,94626
v_g005_94629,zPiaMsckaWM,94629
v_g005_94630,zPiaMsckaWM,94630
v_g005_94634,zPiaMsckaWM,94634
v_g005_94778,zPiaMsckaWM,94778
v_g005_94781,zPiaMsckaWM,94781
v_g005_94784,zPiaMsckaWM,94784
v_g005_94790,zPiaMsckaWM,94790
v_g005_94793,zPiaMsckaWM,94793
v_g005_94795,zPiaMsckaWM,94795
v_g005_95359,zPiaMsckaWM,95359
v_g005_95377,zPiaMsckaWM,95377
v_g005_95390,zPiaMsckaWM,95390
v_g005_95392,zPiaMsckaWM,95392
v_g005_97139,zPiaMsckaWM,97139
v_g005_97141,zPiaMsckaWM,97141
v_g005_97156,zPiaMsckaWM,97156
v_g005_97158,zPiaMsckaWM,97158
v_g005_97165,zPiaMsckaWM,97165
v_g005_97715,zPiaMsckaWM,97715
v_g005_97718,zPiaMsckaWM,97718
v_g005_97719,zPiaMsckaWM,97719
v_g005_97723,zPiaMsckaWM,97723
v_g005_97724,zPiaMsckaWM,97724
v_g005_97726,zPiaMsckaWM,97726
v_g005_97729,zPiaMsckaWM,97729
v_g005_97730,zPiaMsckaWM,97730
v_g005_98886,zPiaMsckaWM,98886
v_g005_98911,zPiaMsckaWM,98911
v_g005_98923,zPiaMsckaWM,98923
v_g005_99296,zPiaMsckaWM,99296
v_g005_99298,zPiaMsckaWM,99298
v_g005_99308,zPiaMsckaWM,99308
v_g005_99309,zPiaMsckaWM,99309
v_g005_99312,zPiaMsckaWM,99312
v_g007_100036,6elcbaqWdmv,100036
v_g007_100039,6elcbaqWdmv,100039
v_g007_100063,6elcbaqWdmv,100063
v_g007_101696,6elcbaqWdmv,101696
v_g007_101699,6elcbaqWdmv,101699
v_g007_101718,6elcbaqWdmv,101718
v_g007_101724,6elcbaqWdmv,101724
v_g007_104384,6elcbaqWdmv,104384
v_g007_104386,6elcbaqWdmv,104386
v_g007_104401,6elcbaqWdmv,104401
v_g007_104405,6elcbaqWdmv,104405
v_g007_105071,6elcbaqWdmv,105071
v_g007_105074,6elcbaqWdmv,105074
v_g007_105080,6elcbaqWdmv,105080
v_g007_105081,6elcbaqWdmv,105081
v_g007_106559,6elcbaqWdmv,106559
v_g007_106569,6elcbaqWdmv,106569
v_g007_106575,6elcbaqWdmv,106575
v_g007_106578,6elcbaqWdmv,106578
v_g007_106579,6elcbaqWdmv,106579
v_g007_107715,6elcbaqWdmv,107715
v_g007_107717,6elcbaqWdmv,107717
v_g007_107735,6elcbaqWdmv,107735
v_g007_109424,6elcbaqWdmv,109424
v_g007_109425,6elcbaqWdmv,109425
v_g007_113317,6elcbaqWdmv,113317
v_g007_115886,6elcbaqWdmv,115886
v_g007_115887,6elcbaqWdmv,115887
v_g007_115888,6elcbaqWdmv,115888
v_g007_117417,6elcbaqWdmv,117417
v_g007_117422,6elcbaqWdmv,117422
v_g007_117426,6elcbaqWdmv,117426
v_g007_117428,6elcbaqWdmv,117428
v_g007_117434,6elcbaqWdmv,117434
v_g007_117435,6elcbaqWdmv,117435
v_g007_11829,6elcbaqWdmv,11829
v_g007_119750,6elcbaqWdmv,119750
v_g007_119763,6elcbaqWdmv,119763
v_g007_119772,6elcbaqWdmv,119772
v_g007_120612,6elcbaqWdmv,120612
v_g007_120623,6elcbaqWdmv,120623
v_g007_121378,6elcbaqWdmv,121378
v_g007_121390,6elcbaqWdmv,121390
v_g007_122351,6elcbaqWdmv,122351
v_g007_122352,6elcbaqWdmv,122352
v_g007_122353,6elcbaqWdmv,122353
v_g007_122362,6elcbaqWdmv,122362
v_g007_122368,6elcbaqWdmv,122368
v_g007_122373,6elcbaqWdmv,122373
v_g007_127129,6elcbaqWdmv,127129
v_g007_127130,6elcbaqWdmv,127130
v_g007_128324,6elcbaqWdmv,128324
v_g007_128325,6elcbaqWdmv,128325
v_g007_128326,6elcbaqWdmv,128326
v_g007_128328,6elcbaqWdmv,128328
v_g007_128336,6elcbaqWdmv,128336
v_g007_129798,6elcbaqWdmv,129798
v_g007_131148,6elcbaqWdmv,131148
v_g007_131152,6elcbaqWdmv,131152
v_g007_131154,6elcbaqWdmv,131154
v_g007_131155,6elcbaqWdmv,131155
v_g007_131162,6elcbaqWdmv,131162
v_g007_132758,6elcbaqWdmv,132758
v_g007_132759,6elcbaqWdmv,132759
v_g007_132766,6elcbaqWdmv,132766
v_g007_132777,6elcbaqWdmv,132777
v_g007_132778,6elcbaqWdmv,132778
v_g007_136999,6elcbaqWdmv,136999
v_g007_137001,6elcbaqWdmv,137001
v_g007_137009,6elcbaqWdmv,137009
v_g007_138249,6elcbaqWdmv,138249
v_g007_138250,6elcbaqWdmv,138250
v_g007_138258,6elcbaqWdmv,138258
v_g007_138262,6elcbaqWdmv,138262
v_g007_138264,6elcbaqWdmv,138264
v_g007_140962,6elcbaqWdmv,140962
v_g007_145585,6elcbaqWdmv,145585
v_g007_145600,6elcbaqWdmv,145600
v_g007_149066,6elcbaqWdmv,149066
v_g007_15362,6elcbaqWdmv,15362
v_g007_15363,6elcbaqWdmv,15363
v_g007_15365,6elcbaqWdmv,15365
v_g007_15373,6elcbaqWdmv,15373
v_g007_15375,6elcbaqWdmv,15375
v_g007_15377,6elcbaqWdmv,15377
v_g007_15379,6elcbaqWdmv,15379
v_g007_15382,6elcbaqWdmv,15382
v_g007_15385,6elcbaqWdmv,15385
v_g007_15386,6elcbaqWdmv,15386
v_g007_15388,6elcbaqWdmv,15388
v_g007_15389,6elcbaqWdmv,15389
v_g007_15390,6elcbaqWdmv,15390
v_g007_154697,6elcbaqWdmv,154697
v_g007_154700,6elcbaqWdmv,154700
v_g007_155388,6elcbaqWdmv,155388
v_g007_156083,6elcbaqWdmv,156083
v_g007_156098,6elcbaqWdmv,156098
v_g007_156101,6elcbaqWdmv,156101
v_g007_157212,6elcbaqWdmv,157212
v_g007_157223,6elcbaqWdmv,157223
v_g007_157233,6elcbaqWdmv,157233
v_g007_158024,6elcbaqWdmv,158024
v_g007_158030,6elcbaqWdmv,158030
v_g007_158031,6elcbaqWdmv,158031
v_g007_158040,6elcbaqWdmv,158040
v_g007_158047,6elcbaqWdmv,158047
v_g007_158049,6elcbaqWdmv,158049
v_g007_158050,6elcbaqWdmv,158050
v_g007_160147,6elcbaqWdmv,160147
v_g007_160149,6elcbaqWdmv,160149
v_g007_160159,6elcbaqWdmv,160159
v_g007_160165,6elcbaqWdmv,160165
v_g007_160170,6elcbaqWdmv,160170
v_g007_161191,6elcbaqWdmv,161191
v_g007_162549,6elcbaqWdmv,162549
v_g007_162551,6elcbaqWdmv,162551
v_g007_165093,6elcbaqWdmv,165093
v_g007_165094,6elcbaqWdmv,165094
v_g007_165100,6elcbaqWdmv,165100
v_g007_166572,6elcbaqWdmv,166572
v_g007_166573,6elcbaqWdmv,166573
v_g007_167270,6elcbaqWdmv,167270
v_g007_167271,6elcbaqWdmv,167271
v_g007_167293,6elcbaqWdmv,167293
v_g007_167298,6elcbaqWdmv,167298
v_g007_168336,6elcbaqWdmv,168336
v_g007_168339,6elcbaqWdmv,168339
v_g007_168340,6elcbaqWdmv,168340
v_g007_168344,6elcbaqWdmv,168344
v_g007_168349,6elcbaqWdmv,168349
v_g007_168354,6elcbaqWdmv,168354
v_g007_170867,6elcbaqWdmv,170867
v_g007_170871,6elcbaqWdmv,170871
v_g007_170874,6elcbaqWdmv,170874
v_g007_170878,6elcbaqWdmv,170878
v_g007_170880,6elcbaqWdmv,170880
v_g007_172359,6elcbaqWdmv,172359
v_g007_172362,6elcbaqWdmv,172362
v_g007_173774,6elcbaqWdmv,173774
v_g007_173786,6elcbaqWdmv,173786
v_g007_173797,6elcbaqWdmv,173797
v_g007_174872,6elcbaqWdmv,174872
v_g007_174876,6elcbaqWdmv,174876
v_g007_174878,6elcbaqWdmv,174878
v_g007_174883,6elcbaqWdmv,174883
v_g007_174890,6elcbaqWdmv,174890
v_g007_174891,6elcbaqWdmv,174891
v_g007_174892,6elcbaqWdmv,174892
v_g007_174894,6elcbaqWdmv,174894
v_g007_176444,6elcbaqWdmv,176444
v_g007_176448,6elcbaqWdmv,176448
v_g007_176449,6elcbaqWdmv,176449
v_g007_176450,6elcbaqWdmv,176450
v_g007_176451,6elcbaqWdmv,176451
v_g007_176452,6elcbaqWdmv,176452
v_g007_176456,6elcbaqWdmv,176456
v_g007_179400,6elcbaqWdmv,179400
v_g007_179407,6elcbaqWdmv,179407
v_g007_179411,6elcbaqWdmv,179411
v_g007_179417,6elcbaqWdmv,179417
v_g007_179422,6elcbaqWdmv,179422
v_g007_179929,6elcbaqWdmv,179929
v_g007_179931,6elcbaqWdmv,179931
v_g007_179936,6elcbaqWdmv,179936
v_g007_181822,6elcbaqWdmv,181822
v_g007_181826,6elcbaqWdmv,181826
v_g007_181833,6elcbaqWdmv,181833
v_g007_181834,6elcbaqWdmv,181834
v_g007_181839,6elcbaqWdmv,181839
v_g007_181841,6elcbaqWdmv,181841
v_g007_181844,6elcbaqWdmv,181844
v_g007_185511,6elcbaqWdmv,185511
v_g007_185514,6elcbaqWdmv,185514
v_g007_185521,6elcbaqWdmv,185521
v_g007_185526,6elcbaqWdmv,185526
v_g007_187371,6elcbaqWdmv,187371
v_g007_187402,6elcbaqWdmv,187402
v_g007_19264,6elcbaqWdmv,19264
v_g007_19267,6elcbaqWdmv,19267
v_g007_19270,6elcbaqWdmv,19270
v_g007_19272,6elcbaqWdmv,19272
v_g007_19283,6elcbaqWdmv,19283
v_g007_192848,6elcbaqWdmv,192848
v_g007_192851,6elcbaqWdmv,192851
v_g007_192863,6elcbaqWdmv,192863
v_g007_192867,6elcbaqWdmv,192867
v_g007_192868,6elcbaqWdmv,192868
v_g007_192871,6elcbaqWdmv,192871
v_g007_192872,6elcbaqWdmv,192872
v_g007_192873,6elcbaqWdmv,192873
v_g007_193900,6elcbaqWdmv,193900
v_g007_193902,6elcbaqWdmv,193902
v_g007_193905,6elcbaqWdmv,193905
v_g007_193908,6elcbaqWdmv,193908
v_g007_193912,6elcbaqWdmv,193912
v_g007_193918,6elcbaqWdmv,193918
v_g007_197013,6elcbaqWdmv,197013
v_g007_197014,6elcbaqWdmv,197014
v_g007_197016,6elcbaqWdmv,197016
v_g007_19815,6elcbaqWdmv,19815
v_g007_19817,6elcbaqWdmv,19817
v_g007_19818,6elcbaqWdmv,19818
v_g007_19821,6elcbaqWdmv,19821
v_g007_19822,6elcbaqWdmv,19822
v_g007_19823,6elcbaqWdmv,19823
v_g007_19826,6elcbaqWdmv,19826
v_g007_19827,6elcbaqWdmv,19827
v_g007_19829,6elcbaqWdmv,19829
v_g007_201748,6elcbaqWdmv,201748
v_g007_201754,6elcbaqWdmv,201754
v_g007_201758,6elcbaqWdmv,201758
v_g007_201763,6elcbaqWdmv,201763
v_g007_201780,6elcbaqWdmv,201780
v_g007_201788,6elcbaqWdmv,201788
v_g007_201790,6elcbaqWdmv,201790
v_g007_203076,6elcbaqWdmv,203076
v_g007_203081,6elcbaqWdmv,203081
v_g007_203086,6elcbaqWdmv,203086
v_g007_203099,6elcbaqWdmv,203099
v_g007_204838,6elcbaqWdmv,204838
v_g007_204839,6elcbaqWdmv,204839
v_g007_205769,6elcbaqWdmv,205769
v_g007_205781,6elcbaqWdmv,205781
v_g007_205784,6elcbaqWdmv,205784
v_g007_205785,6elcbaqWdmv,205785
v_g007_205788,6elcbaqWdmv,205788
v_g007_205790,6elcbaqWdmv,205790
v_g007_205813,6elcbaqWdmv,205813
v_g007_206020,6elcbaqWdmv,206020
v_g007_206021,6elcbaqWdmv,206021
v_g007_206022,6elcbaqWdmv,206022
v_g007_206023,6elcbaqWdmv,206023
v_g007_206024,6elcbaqWdmv,206024
v_g007_206025,6elcbaqWdmv,206025
v_g007_206026,6elcbaqWdmv,206026
v_g007_206027,6elcbaqWdmv,206027
v_g007_206053,6elcbaqWdmv,206053
v_g007_206054,6elcbaqWdmv,206054
v_g007_209371,6elcbaqWdmv,209371
v_g007_209372,6elcbaqWdmv,209372
v_g007_209373,6elcbaqWdmv,209373
v_g007_209374,6elcbaqWdmv,209374
v_g007_209375,6elcbaqWdmv,209375
v_g007_209376,6elcbaqWdmv,209376
v_g007_209377,6elcbaqWdmv,209377
v_g007_209378,6elcbaqWdmv,209378
v_g007_209379,6elcbaqWdmv,209379
v_g007_209380,6elcbaqWdmv,209380
v_g007_209381,6elcbaqWdmv,209381
v_g007_209382,6elcbaqWdmv,209382
v_g007_209383,6elcbaqWdmv,209383
v_g007_209384,6elcbaqWdmv,209384
v_g007_209385,6elcbaqWdmv,209385
v_g007_209386,6elcbaqWdmv,209386
v_g007_209387,6elcbaqWdmv,209387
v_g007_209389,6elcbaqWdmv,209389
v_g007_209390,6elcbaqWdmv,209390
v_g007_209391,6elcbaqWdmv,209391
v_g007_209393,6elcbaqWdmv,209393
v_g007_209395,6elcbaqWdmv,209395
v_g007_209398,6elcbaqWdmv,209398
v_g007_209399,6elcbaqWdmv,209399
v_g007_209401,6elcbaqWdmv,209401
v_g007_209402,6elcbaqWdmv,209402
v_g007_209403,6elcbaqWdmv,209403
v_g007_209948,6elcbaqWdmv,209948
v_g007_209949,6elcbaqWdmv,209949
v_g007_209951,6elcbaqWdmv,209951
v_g007_209952,6elcbaqWdmv,209952
v_g007_209953,6elcbaqWdmv,209953
v_g007_209954,6elcbaqWdmv,209954
v_g007_209955,6elcbaqWdmv,209955
v_g007_209956,6elcbaqWdmv,209956
v_g007_209957,6elcbaqWdmv,209957
v_g007_209958,6elcbaqWdmv,209958
v_g007_209959,6elcbaqWdmv,209959
v_g007_209960,6elcbaqWdmv,209960
v_g007_209961,6elcbaqWdmv,209961
v_g007_209962,6elcbaqWdmv,209962
v_g007_209963,6elcbaqWdmv,209963
v_g007_209964,6elcbaqWdmv,209964
v_g007_209966,6elcbaqWdmv,209966
v_g007_209967,6elcbaqWdmv,209967
v_g007_209968,6elcbaqWdmv,209968
v_g007_209969,6elcbaqWdmv,209969
v_g007_209970,6elcbaqWdmv,209970
v_g007_209971,6elcbaqWdmv,209971
v_g007_209972,6elcbaqWdmv,209972
v_g007_209973,6elcbaqWdmv,209973
v_g007_209974,6elcbaqWdmv,209974
v_g007_209975,6elcbaqWdmv,209975
v_g007_209976,6elcbaqWdmv,209976
v_g007_209977,6elcbaqWdmv,209977
v_g007_211850,6elcbaqWdmv,211850
v_g007_211852,6elcbaqWdmv,211852
v_g007_211853,6elcbaqWdmv,211853
v_g007_211855,6elcbaqWdmv,211855
v_g007_211856,6elcbaqWdmv,211856
v_g007_211857,6elcbaqWdmv,211857
v_g007_211858,6elcbaqWdmv,211858
v_g007_211859,6elcbaqWdmv,211859
v_g007_211860,6elcbaqWdmv,211860
v_g007_211863,6elcbaqWdmv,211863
v_g007_211864,6elcbaqWdmv,211864
v_g007_211865,6elcbaqWdmv,211865
v_g007_213014,6elcbaqWdmv,213014
v_g007_213015,6elcbaqWdmv,213015
v_g007_213310,6elcbaqWdmv,213310
v_g007_213344,6elcbaqWdmv,213344
v_g007_213347,6elcbaqWdmv,213347
v_g007_21376,6elcbaqWdmv,21376
v_g007_21383,6elcbaqWdmv,21383
v_g007_21388,6elcbaqWdmv,21388
v_g007_21391,6elcbaqWdmv,21391
v_g007_21395,6elcbaqWdmv,21395
v_g007_21399,6elcbaqWdmv,21399
v_g007_214816,6elcbaqWdmv,214816
v_g007_214831,6elcbaqWdmv,214831
v_g007_214833,6elcbaqWdmv,214833
v_g007_214834,6elcbaqWdmv,214834
v_g007_214840,6elcbaqWdmv,214840
v_g007_219535,6elcbaqWdmv,219535
v_g007_219537,6elcbaqWdmv,219537
v_g007_219538,6elcbaqWdmv,219538
v_g007_219539,6elcbaqWdmv,219539
v_g007_219541,6elcbaqWdmv,219541
v_g007_219542,6elcbaqWdmv,219542
v_g007_219543,6elcbaqWdmv,219543
v_g007_219551,6elcbaqWdmv,219551
v_g007_219552,6elcbaqWdmv,219552
v_g007_221338,6elcbaqWdmv,221338
v_g007_221339,6elcbaqWdmv,221339
v_g007_221340,6elcbaqWdmv,221340
v_g007_221341,6elcbaqWdmv,221341
v_g007_221342,6elcbaqWdmv,221342
v_g007_221343,6elcbaqWdmv,221343
v_g007_221344,6elcbaqWdmv,221344
v_g007_221345,6elcbaqWdmv,221345
v_g007_221346,6elcbaqWdmv,221346
v_g007_221347,6elcbaqWdmv,221347
v_g007_221349,6elcbaqWdmv,221349
v_g007_221350,6elcbaqWdmv,221350
v_g007_221351,6elcbaqWdmv,221351
v_g007_221352,6elcbaqWdmv,221352
v_g007_221353,6elcbaqWdmv,221353
v_g007_221354,6elcbaqWdmv,221354
v_g007_221355,6elcbaqWdmv,221355
v_g007_221356,6elcbaqWdmv,221356
v_g007_221357,6elcbaqWdmv,221357
v_g007_22424,6elcbaqWdmv,22424
v_g007_22429,6elcbaqWdmv,22429
v_g007_22431,6elcbaqWdmv,22431
v_g007_22432,6elcbaqWdmv,22432
v_g007_22438,6elcbaqWdmv,22438
v_g007_224698,6elcbaqWdmv,224698
v_g007_224699,6elcbaqWdmv,224699
v_g007_224700,6elcbaqWdmv,224700
v_g007_224701,6elcbaqWdmv,224701
v_g007_224702,6elcbaqWdmv,224702
v_g007_224703,6elcbaqWdmv,224703
v_g007_224704,6elcbaqWdmv,224704
v_g007_224705,6elcbaqWdmv,224705
v_g007_224706,6elcbaqWdmv,224706
v_g007_224708,6elcbaqWdmv,224708
v_g007_224709,6elcbaqWdmv,224709
v_g007_224710,6elcbaqWdmv,224710
v_g007_224711,6elcbaqWdmv,224711
v_g007_224712,6elcbaqWdmv,224712
v_g007_225373,6elcbaqWdmv,225373
v_g007_225374,6elcbaqWdmv,225374
v_g007_225375,6elcbaqWdmv,225375
v_g007_225381,6elcbaqWdmv,225381
v_g007_225382,6elcbaqWdmv,225382
v_g007_225383,6elcbaqWdmv,225383
v_g007_225384,6elcbaqWdmv,225384
v_g007_225385,6elcbaqWdmv,225385
v_g007_225386,6elcbaqWdmv,225386
v_g007_230327,6elcbaqWdmv,230327
v_g007_230502,6elcbaqWdmv,230502
v_g007_230503,6elcbaqWdmv,230503
v_g007_230504,6elcbaqWdmv,230504
v_g007_230506,6elcbaqWdmv,230506
v_g007_230507,6elcbaqWdmv,230507
v_g007_230508,6elcbaqWdmv,230508
v_g007_230509,6elcbaqWdmv,230509
v_g007_230511,6elcbaqWdmv,230511
v_g007_230512,6elcbaqWdmv,230512
v_g007_230513,6elcbaqWdmv,230513
v_g007_230514,6elcbaqWdmv,230514
v_g007_230515,6elcbaqWdmv,230515
v_g007_230516,6elcbaqWdmv,230516
v_g007_230517,6elcbaqWdmv,230517
v_g007_230518,6elcbaqWdmv,230518
v_g007_230519,6elcbaqWdmv,230519
v_g007_230520,6elcbaqWdmv,230520
v_g007_230521,6elcbaqWdmv,230521
v_g007_230522,6elcbaqWdmv,230522
v_g007_230523,6elcbaqWdmv,230523
v_g007_230588,6elcbaqWdmv,230588
v_g007_230593,6elcbaqWdmv,230593
v_g007_230611,6elcbaqWdmv,230611
v_g007_230868,6elcbaqWdmv,230868
v_g007_230869,6elcbaqWdmv,230869
v_g007_230870,6elcbaqWdmv,230870
v_g007_230874,6elcbaqWdmv,230874
v_g007_231279,6elcbaqWdmv,231279
v_g007_231281,6elcbaqWdmv,231281
v_g007_231286,6elcbaqWdmv,231286
v_g007_231290,6elcbaqWdmv,231290
v_g007_231293,6elcbaqWdmv,231293
v_g007_231703,6elcbaqWdmv,231703
v_g007_231708,6elcbaqWdmv,231708
v_g007_232052,6elcbaqWdmv,232052
v_g007_232053,6elcbaqWdmv,232053
v_g007_232055,6elcbaqWdmv,232055
v_g007_232066,6elcbaqWdmv,232066
v_g007_232068,6elcbaqWdmv,232068
v_g007_232080,6elcbaqWdmv,232080
v_g007_232092,6elcbaqWdmv,232092
v_g007_232419,6elcbaqWdmv,232419
v_g007_232505,6elcbaqWdmv,232505
v_g007_232506,6elcbaqWdmv,232506
v_g007_232507,6elcbaqWdmv,232507
v_g007_232508,6elcbaqWdmv,232508
v_g007_232950,6elcbaqWdmv,232950
v_g007_233234,6elcbaqWdmv,233234
v_g007_233244,6elcbaqWdmv,233244
v_g007_233532,6elcbaqWdmv,233532
v_g007_233539,6elcbaqWdmv,233539
v_g007_233551,6elcbaqWdmv,233551
v_g007_234508,6elcbaqWdmv,234508
v_g007_234510,6elcbaqWdmv,234510
v_g007_234511,6elcbaqWdmv,234511
v_g007_234512,6elcbaqWdmv,234512
v_g007_234513,6elcbaqWdmv,234513
v_g007_234514,6elcbaqWdmv,234514
v_g007_234515,6elcbaqWdmv,234515
v_g007_234516,6elcbaqWdmv,234516
v_g007_234517,6elcbaqWdmv,234517
v_g007_234518,6elcbaqWdmv,234518
v_g007_234521,6elcbaqWdmv,234521
v_g007_234522,6elcbaqWdmv,234522
v_g007_234523,6elcbaqWdmv,234523
v_g007_234524,6elcbaqWdmv,234524
v_g007_234525,6elcbaqWdmv,234525
v_g007_234526,6elcbaqWdmv,234526
v_g007_234528,6elcbaqWdmv,234528
v_g007_234529,6elcbaqWdmv,234529
v_g007_234530,6elcbaqWdmv,234530
v_g007_234531,6elcbaqWdmv,234531
v_g007_234533,6elcbaqWdmv,234533
v_g007_234534,6elcbaqWdmv,234534
v_g007_235639,6elcbaqWdmv,235639
v_g007_235641,6elcbaqWdmv,235641
v_g007_235642,6elcbaqWdmv,235642
v_g007_235644,6elcbaqWdmv,235644
v_g007_235646,6elcbaqWdmv,235646
v_g007_235647,6elcbaqWdmv,235647
v_g007_235649,6elcbaqWdmv,235649
v_g007_235652,6elcbaqWdmv,235652
v_g007_235654,6elcbaqWdmv,235654
v_g007_235658,6elcbaqWdmv,235658
v_g007_235661,6elcbaqWdmv,235661
v_g007_235666,6elcbaqWdmv,235666
v_g007_235667,6elcbaqWdmv,235667
v_g007_235673,6elcbaqWdmv,235673
v_g007_235674,6elcbaqWdmv,235674
v_g007_235694,6elcbaqWdmv,235694
v_g007_236925,6elcbaqWdmv,236925
v_g007_236926,6elcbaqWdmv,236926
v_g007_236927,6elcbaqWdmv,236927
v_g007_236928,6elcbaqWdmv,236928
v_g007_236933,6elcbaqWdmv,236933
v_g007_236934,6elcbaqWdmv,236934
v_g007_236936,6elcbaqWdmv,236936
v_g007_236938,6elcbaqWdmv,236938
v_g007_236939,6elcbaqWdmv,236939
v_g007_236940,6elcbaqWdmv,236940
v_g007_236941,6elcbaqWdmv,236941
v_g007_236943,6elcbaqWdmv,236943
v_g007_237360,6elcbaqWdmv,237360
v_g007_237361,6elcbaqWdmv,237361
v_g007_237362,6elcbaqWdmv,237362
v_g007_237370,6elcbaqWdmv,237370
v_g007_237376,6elcbaqWdmv,237376
v_g007_237383,6elcbaqWdmv,237383
v_g007_23746,6elcbaqWdmv,23746
v_g007_23748,6elcbaqWdmv,23748
v_g007_23749,6elcbaqWdmv,23749
v_g007_23754,6elcbaqWdmv,23754
v_g007_23755,6elcbaqWdmv,23755
v_g007_23756,6elcbaqWdmv,23756
v_g007_23758,6elcbaqWdmv,23758
v_g007_23759,6elcbaqWdmv,23759
v_g007_238059,6elcbaqWdmv,238059
v_g007_238062,6elcbaqWdmv,238062
v_g007_238065,6elcbaqWdmv,238065
v_g007_238068,6elcbaqWdmv,238068
v_g007_238071,6elcbaqWdmv,238071
v_g007_238075,6elcbaqWdmv,238075
v_g007_238078,6elcbaqWdmv,238078
v_g007_238081,6elcbaqWdmv,238081
v_g007_238085,6elcbaqWdmv,238085
v_g007_238088,6elcbaqWdmv,238088
v_g007_238091,6elcbaqWdmv,238091
v_g007_238429,6elcbaqWdmv,238429
v_g007_238436,6elcbaqWdmv,238436
v_g007_238444,6elcbaqWdmv,238444
v_g007_238445,6elcbaqWdmv,238445
v_g007_238450,6elcbaqWdmv,238450
v_g007_239074,6elcbaqWdmv,239074
v_g007_239075,6elcbaqWdmv,239075
v_g007_239076,6elcbaqWdmv,239076
v_g007_239078,6elcbaqWdmv,239078
v_g007_239079,6elcbaqWdmv,239079
v_g007_239082,6elcbaqWdmv,239082
v_g007_239083,6elcbaqWdmv,239083
v_g007_239084,6elcbaqWdmv,239084
v_g007_239085,6elcbaqWdmv,239085
v_g007_239086,6elcbaqWdmv,239086
v_g007_239087,6elcbaqWdmv,239087
v_g007_239088,6elcbaqWdmv,239088
v_g007_239089,6elcbaqWdmv,239089
v_g007_239470,6elcbaqWdmv,239470
v_g007_239471,6elcbaqWdmv,239471
v_g007_239472,6elcbaqWdmv,239472
v_g007_239473,6elcbaqWdmv,239473
v_g007_239474,6elcbaqWdmv,239474
v_g007_239476,6elcbaqWdmv,239476
v_g007_239484,6elcbaqWdmv,239484
v_g007_239487,6elcbaqWdmv,239487
v_g007_239488,6elcbaqWdmv,239488
v_g007_240650,6elcbaqWdmv,240650
v_g007_240653,6elcbaqWdmv,240653
v_g007_240658,6elcbaqWdmv,240658
v_g007_240659,6elcbaqWdmv,240659
v_g007_240663,6elcbaqWdmv,240663
v_g007_241276,6elcbaqWdmv,241276
v_g007_241277,6elcbaqWdmv,241277
v_g007_241279,6elcbaqWdmv,241279
v_g007_241280,6elcbaqWdmv,241280
v_g007_241283,6elcbaqWdmv,241283
v_g007_241284,6elcbaqWdmv,241284
v_g007_241286,6elcbaqWdmv,241286
v_g007_241287,6elcbaqWdmv,241287
v_g007_241288,6elcbaqWdmv,241288
v_g007_241289,6elcbaqWdmv,241289
v_g007_241291,6elcbaqWdmv,241291
v_g007_241292,6elcbaqWdmv,241292
v_g007_241293,6elcbaqWdmv,241293
v_g007_242832,6elcbaqWdmv,242832
v_g007_242833,6elcbaqWdmv,242833
v_g007_242837,6elcbaqWdmv,242837
v_g007_243626,6elcbaqWdmv,243626
v_g007_243627,6elcbaqWdmv,243627
v_g007_243628,6elcbaqWdmv,243628
v_g007_243629,6elcbaqWdmv,243629
v_g007_243630,6elcbaqWdmv,243630
v_g007_243631,6elcbaqWdmv,243631
v_g007_243632,6elcbaqWdmv,243632
v_g007_243633,6elcbaqWdmv,243633
v_g007_243634,6elcbaqWdmv,243634
v_g007_243636,6elcbaqWdmv,243636
v_g007_24519,6elcbaqWdmv,24519
v_g007_24521,6elcbaqWdmv,24521
v_g007_24522,6elcbaqWdmv,24522
v_g007_24524,6elcbaqWdmv,24524
v_g007_24525,6elcbaqWdmv,24525
v_g007_24526,6elcbaqWdmv,24526
v_g007_24527,6elcbaqWdmv,24527
v_g007_24530,6elcbaqWdmv,24530
v_g007_24531,6elcbaqWdmv,24531
v_g007_245562,6elcbaqWdmv,245562
v_g007_245566,6elcbaqWdmv,245566
v_g007_245578,6elcbaqWdmv,245578
v_g007_247135,6elcbaqWdmv,247135
v_g007_25498,6elcbaqWdmv,25498
v_g007_25499,6elcbaqWdmv,25499
v_g007_25500,6elcbaqWdmv,25500
v_g007_25501,6elcbaqWdmv,25501
v_g007_257639,6elcbaqWdmv,257639
v_g007_257641,6elcbaqWdmv,257641
v_g007_257642,6elcbaqWdmv,257642
v_g007_257643,6elcbaqWdmv,257643
v_g007_257644,6elcbaqWdmv,257644
v_g007_257645,6elcbaqWdmv,257645
v_g007_257646,6elcbaqWdmv,257646
v_g007_257648,6elcbaqWdmv,257648
v_g007_257650,6elcbaqWdmv,257650
v_g007_257651,6elcbaqWdmv,257651
v_g007_257652,6elcbaqWdmv,257652
v_g007_257653,6elcbaqWdmv,257653
v_g007_257655,6elcbaqWdmv,257655
v_g007_257656,6elcbaqWdmv,257656
v_g007_257657,6elcbaqWdmv,257657
v_g007_257658,6elcbaqWdmv,257658
v_g007_257659,6elcbaqWdmv,257659
v_g007_257791,6elcbaqWdmv,257791
v_g007_257793,6elcbaqWdmv,257793
v_g007_257795,6elcbaqWdmv,257795
v_g007_257796,6elcbaqWdmv,257796
v_g007_257799,6elcbaqWdmv,257799
v_g007_257804,6elcbaqWdmv,257804
v_g007_257949,6elcbaqWdmv,257949
v_g007_257952,6elcbaqWdmv,257952
v_g007_257954,6elcbaqWdmv,257954
v_g007_257955,6elcbaqWdmv,257955
v_g007_257963,6elcbaqWdmv,257963
v_g007_259496,6elcbaqWdmv,259496
v_g007_259497,6elcbaqWdmv,259497
v_g007_259498,6elcbaqWdmv,259498
v_g007_259499,6elcbaqWdmv,259499
v_g007_259500,6elcbaqWdmv,259500
v_g007_259501,6elcbaqWdmv,259501
v_g007_259650,6elcbaqWdmv,259650
v_g007_259666,6elcbaqWdmv,259666
v_g007_259671,6elcbaqWdmv,259671
v_g007_259675,6elcbaqWdmv,259675
v_g007_26112,6elcbaqWdmv,26112
v_g007_26130,6elcbaqWdmv,26130
v_g007_26131,6elcbaqWdmv,26131
v_g007_261461,6elcbaqWdmv,261461
v_g007_261462,6elcbaqWdmv,261462
v_g007_261463,6elcbaqWdmv,261463
v_g007_261465,6elcbaqWdmv,261465
v_g007_261466,6elcbaqWdmv,261466
v_g007_261467,6elcbaqWdmv,261467
v_g007_263049,6elcbaqWdmv,263049
v_g007_263057,6elcbaqWdmv,263057
v_g007_263060,6elcbaqWdmv,263060
v_g007_26353,6elcbaqWdmv,26353
v_g007_26354,6elcbaqWdmv,26354
v_g007_26355,6elcbaqWdmv,26355
v_g007_26356,6elcbaqWdmv,26356
v_g007_26358,6elcbaqWdmv,26358
v_g007_263588,6elcbaqWdmv,263588
v_g007_26360,6elcbaqWdmv,26360
v_g007_26361,6elcbaqWdmv,26361
v_g007_26362,6elcbaqWdmv,26362
v_g007_26363,6elcbaqWdmv,26363
v_g007_26364,6elcbaqWdmv,26364
v_g007_26365,6elcbaqWdmv,26365
v_g007_26366,6elcbaqWdmv,26366
v_g007_26367,6elcbaqWdmv,26367
v_g007_26368,6elcbaqWdmv,26368
v_g007_26375,6elcbaqWdmv,26375
v_g007_26376,6elcbaqWdmv,26376
v_g007_26377,6elcbaqWdmv,26377
v_g007_26378,6elcbaqWdmv,26378
v_g007_26379,6elcbaqWdmv,26379
v_g007_264762,6elcbaqWdmv,264762
v_g007_264764,6elcbaqWdmv,264764
v_g007_264765,6elcbaqWdmv,264765
v_g007_264776,6elcbaqWdmv,264776
v_g007_264779,6elcbaqWdmv,264779
v_g007_264780,6elcbaqWdmv,264780
v_g007_265553,6elcbaqWdmv,265553
v_g007_265566,6elcbaqWdmv,265566
v_g007_265720,6elcbaqWdmv,265720
v_g007_265721,6elcbaqWdmv,265721
v_g007_265722,6elcbaqWdmv,265722
v_g007_265723,6elcbaqWdmv,265723
v_g007_265724,6elcbaqWdmv,265724
v_g007_265725,6elcbaqWdmv,265725
v_g007_265726,6elcbaqWdmv,265726
v_g007_265727,6elcbaqWdmv,265727
v_g007_265728,6elcbaqWdmv,265728
v_g007_265729,6elcbaqWdmv,265729
v_g007_265730,6elcbaqWdmv,265730
v_g007_265731,6elcbaqWdmv,265731
v_g007_265732,6elcbaqWdmv,265732
v_g007_266894,6elcbaqWdmv,266894
v_g007_266895,6elcbaqWdmv,266895
v_g007_266918,6elcbaqWdmv,266918
v_g007_266923,6elcbaqWdmv,266923
v_g007_266924,6elcbaqWdmv,266924
v_g007_266926,6elcbaqWdmv,266926
v_g007_266928,6elcbaqWdmv,266928
v_g007_266931,6elcbaqWdmv,266931
v_g007_266933,6elcbaqWdmv,266933
v_g007_26711,6elcbaqWdmv,26711
v_g007_26712,6elcbaqWdmv,26712
v_g007_26714,6elcbaqWdmv,26714
v_g007_26716,6elcbaqWdmv,26716
v_g007_26719,6elcbaqWdmv,26719
v_g007_26720,6elcbaqWdmv,26720
v_g007_26721,6elcbaqWdmv,26721
v_g007_26723,6elcbaqWdmv,26723
v_g007_26725,6elcbaqWdmv,26725
v_g007_26728,6elcbaqWdmv,26728
v_g007_26729,6elcbaqWdmv,26729
v_g007_26730,6elcbaqWdmv,26730
v_g007_268554,6elcbaqWdmv,268554
v_g007_268851,6elcbaqWdmv,268851
v_g007_268852,6elcbaqWdmv,268852
v_g007_268853,6elcbaqWdmv,268853
v_g007_268854,6elcbaqWdmv,268854
v_g007_268855,6elcbaqWdmv,268855
v_g007_268857,6elcbaqWdmv,268857
v_g007_268861,6elcbaqWdmv,268861
v_g007_268870,6elcbaqWdmv,268870
v_g007_268872,6elcbaqWdmv,268872
v_g007_268879,6elcbaqWdmv,268879
v_g007_268883,6elcbaqWdmv,268883
v_g007_268887,6elcbaqWdmv,268887
v_g007_269263,6elcbaqWdmv,269263
v_g007_269264,6elcbaqWdmv,269264
v_g007_269265,6elcbaqWdmv,269265
v_g007_269266,6elcbaqWdmv,269266
v_g007_269267,6elcbaqWdmv,269267
v_g007_269268,6elcbaqWdmv,269268
v_g007_269269,6elcbaqWdmv,269269
v_g007_269270,6elcbaqWdmv,269270
v_g007_269272,6elcbaqWdmv,269272
v_g007_269273,6elcbaqWdmv,269273
v_g007_269274,6elcbaqWdmv,269274
v_g007_269275,6elcbaqWdmv,269275
v_g007_269276,6elcbaqWdmv,269276
v_g007_269277,6elcbaqWdmv,269277
v_g007_269279,6elcbaqWdmv,269279
v_g007_270118,6elcbaqWdmv,270118
v_g007_270120,6elcbaqWdmv,270120
v_g007_270125,6elcbaqWdmv,270125
v_g007_270127,6elcbaqWdmv,270127
v_g007_270133,6elcbaqWdmv,270133
v_g007_270139,6elcbaqWdmv,270139
v_g007_270767,6elcbaqWdmv,270767
v_g007_270781,6elcbaqWdmv,270781
v_g007_270784,6elcbaqWdmv,270784
v_g007_271841,6elcbaqWdmv,271841
v_g007_271842,6elcbaqWdmv,271842
v_g007_271843,6elcbaqWdmv,271843
v_g007_271844,6elcbaqWdmv,271844
v_g007_271845,6elcbaqWdmv,271845
v_g007_271846,6elcbaqWdmv,271846
v_g007_271847,6elcbaqWdmv,271847
v_g007_271851,6elcbaqWdmv,271851
v_g007_271852,6elcbaqWdmv,271852
v_g007_271853,6elcbaqWdmv,271853
v_g007_271854,6elcbaqWdmv,271854
v_g007_271855,6elcbaqWdmv,271855
v_g007_271856,6elcbaqWdmv,271856
v_g007_271857,6elcbaqWdmv,271857
v_g007_271858,6elcbaqWdmv,271858
v_g007_271860,6elcbaqWdmv,271860
v_g007_271861,6elcbaqWdmv,271861
v_g007_271862,6elcbaqWdmv,271862
v_g007_271863,6elcbaqWdmv,271863
v_g007_271864,6elcbaqWdmv,271864
v_g007_271865,6elcbaqWdmv,271865
v_g007_271866,6elcbaqWdmv,271866
v_g007_271868,6elcbaqWdmv,271868
v_g007_271871,6elcbaqWdmv,271871
v_g007_271872,6elcbaqWdmv,271872
v_g007_271873,6elcbaqWdmv,271873
v_g007_271874,6elcbaqWdmv,271874
v_g007_271875,6elcbaqWdmv,271875
v_g007_272356,6elcbaqWdmv,272356
v_g007_272358,6elcbaqWdmv,272358
v_g007_272363,6elcbaqWdmv,272363
v_g007_272367,6elcbaqWdmv,272367
v_g007_272369,6elcbaqWdmv,272369
v_g007_273613,6elcbaqWdmv,273613
v_g007_273614,6elcbaqWdmv,273614
v_g007_273615,6elcbaqWdmv,273615
v_g007_273616,6elcbaqWdmv,273616
v_g007_273617,6elcbaqWdmv,273617
v_g007_273618,6elcbaqWdmv,273618
v_g007_273621,6elcbaqWdmv,273621
v_g007_273622,6elcbaqWdmv,273622
v_g007_273623,6elcbaqWdmv,273623
v_g007_273624,6elcbaqWdmv,273624
v_g007_273625,6elcbaqWdmv,273625
v_g007_273626,6elcbaqWdmv,273626
v_g007_273627,6elcbaqWdmv,273627
v_g007_273628,6elcbaqWdmv,273628
v_g007_273648,6elcbaqWdmv,273648
v_g007_273649,6elcbaqWdmv,273649
v_g007_27578,6elcbaqWdmv,27578
v_g007_27582,6elcbaqWdmv,27582
v_g007_27590,6elcbaqWdmv,27590
v_g007_276197,6elcbaqWdmv,276197
v_g007_276198,6elcbaqWdmv,276198
v_g007_276199,6elcbaqWdmv,276199
v_g007_276200,6elcbaqWdmv,276200
v_g007_276201,6elcbaqWdmv,276201
v_g007_276202,6elcbaqWdmv,276202
v_g007_276204,6elcbaqWdmv,276204
v_g007_276205,6elcbaqWdmv,276205
v_g007_276206,6elcbaqWdmv,276206
v_g007_276207,6elcbaqWdmv,276207
v_g007_276208,6elcbaqWdmv,276208
v_g007_276636,6elcbaqWdmv,276636
v_g007_276638,6elcbaqWdmv,276638
v_g007_276647,6elcbaqWdmv,276647
v_g007_276648,6elcbaqWdmv,276648
v_g007_276649,6elcbaqWdmv,276649
v_g007_276650,6elcbaqWdmv,276650
v_g007_276652,6elcbaqWdmv,276652
v_g007_276653,6elcbaqWdmv,276653
v_g007_276654,6elcbaqWdmv,276654
v_g007_276655,6elcbaqWdmv,276655
v_g007_278537,6elcbaqWdmv,278537
v_g007_278544,6elcbaqWdmv,278544
v_g007_278545,6elcbaqWdmv,278545
v_g007_278546,6elcbaqWdmv,278546
v_g007_278692,6elcbaqWdmv,278692
v_g007_278706,6elcbaqWdmv,278706
v_g007_278707,6elcbaqWdmv,278707
v_g007_280189,6elcbaqWdmv,280189
v_g007_280206,6elcbaqWdmv,280206
v_g007_280212,6elcbaqWdmv,280212
v_g007_280716,6elcbaqWdmv,280716
v_g007_280718,6elcbaqWdmv,280718
v_g007_280721,6elcbaqWdmv,280721
v_g007_280725,6elcbaqWdmv,280725
v_g007_281312,6elcbaqWdmv,281312
v_g007_281314,6elcbaqWdmv,281314
v_g007_281315,6elcbaqWdmv,281315
v_g007_281316,6elcbaqWdmv,281316
v_g007_281317,6elcbaqWdmv,281317
v_g007_281318,6elcbaqWdmv,281318
v_g007_281319,6elcbaqWdmv,281319
v_g007_281320,6elcbaqWdmv,281320
v_g007_281321,6elcbaqWdmv,281321
v_g007_281322,6elcbaqWdmv,281322
v_g007_281325,6elcbaqWdmv,281325
v_g007_281326,6elcbaqWdmv,281326
v_g007_281327,6elcbaqWdmv,281327
v_g007_281328,6elcbaqWdmv,281328
v_g007_281329,6elcbaqWdmv,281329
v_g007_281330,6elcbaqWdmv,281330
v_g007_281331,6elcbaqWdmv,281331
v_g007_281552,6elcbaqWdmv,281552
v_g007_281553,6elcbaqWdmv,281553
v_g007_282464,6elcbaqWdmv,282464
v_g007_282478,6elcbaqWdmv,282478
v_g007_282479,6elcbaqWdmv,282479
v_g007_282481,6elcbaqWdmv,282481
v_g007_282485,6elcbaqWdmv,282485
v_g007_282486,6elcbaqWdmv,282486
v_g007_282495,6elcbaqWdmv,282495
v_g007_282499,6elcbaqWdmv,282499
v_g007_282500,6elcbaqWdmv,282500
v_g007_283258,6elcbaqWdmv,283258
v_g007_283261,6elcbaqWdmv,283261
v_g007_283263,6elcbaqWdmv,283263
v_g007_283266,6elcbaqWdmv,283266
v_g007_283268,6elcbaqWdmv,283268
v_g007_283269,6elcbaqWdmv,283269
v_g007_283270,6elcbaqWdmv,283270
v_g007_283315,6elcbaqWdmv,283315
v_g007_283319,6elcbaqWdmv,283319
v_g007_283320,6elcbaqWdmv,283320
v_g007_283332,6elcbaqWdmv,283332
v_g007_283342,6elcbaqWdmv,283342
v_g007_283345,6elcbaqWdmv,283345
v_g007_283695,6elcbaqWdmv,283695
v_g007_283697,6elcbaqWdmv,283697
v_g007_283698,6elcbaqWdmv,283698
v_g007_283700,6elcbaqWdmv,283700
v_g007_283701,6elcbaqWdmv,283701
v_g007_283702,6elcbaqWdmv,283702
v_g007_283703,6elcbaqWdmv,283703
v_g007_283704,6elcbaqWdmv,283704
v_g007_284484,6elcbaqWdmv,284484
v_g007_284487,6elcbaqWdmv,284487
v_g007_284492,6elcbaqWdmv,284492
v_g007_284494,6elcbaqWdmv,284494
v_g007_284495,6elcbaqWdmv,284495
v_g007_284501,6elcbaqWdmv,284501
v_g007_284502,6elcbaqWdmv,284502
v_g007_284504,6elcbaqWdmv,284504
v_g007_284561,6elcbaqWdmv,284561
v_g007_284562,6elcbaqWdmv,284562
v_g007_284574,6elcbaqWdmv,284574
v_g007_284575,6elcbaqWdmv,284575
v_g007_285809,6elcbaqWdmv,285809
v_g007_285813,6elcbaqWdmv,285813
v_g007_28609,6elcbaqWdmv,28609
v_g007_28613,6elcbaqWdmv,28613
v_g007_28616,6elcbaqWdmv,28616
v_g007_28618,6elcbaqWdmv,28618
v_g007_28619,6elcbaqWdmv,28619
v_g007_28621,6elcbaqWdmv,28621
v_g007_287290,6elcbaqWdmv,287290
v_g007_287292,6elcbaqWdmv,287292
v_g007_287293,6elcbaqWdmv,287293
v_g007_287294,6elcbaqWdmv,287294
v_g007_287295,6elcbaqWdmv,287295
v_g007_287296,6elcbaqWdmv,287296
v_g007_287297,6elcbaqWdmv,287297
v_g007_287298,6elcbaqWdmv,287298
v_g007_287299,6elcbaqWdmv,287299
v_g007_287300,6elcbaqWdmv,287300
v_g007_287301,6elcbaqWdmv,287301
v_g007_287302,6elcbaqWdmv,287302
v_g007_287303,6elcbaqWdmv,287303
v_g007_287304,6elcbaqWdmv,287304
v_g007_287542,6elcbaqWdmv,287542
v_g007_287543,6elcbaqWdmv,287543
v_g007_287548,6elcbaqWdmv,287548
v_g007_287549,6elcbaqWdmv,287549
v_g007_288319,6elcbaqWdmv,288319
v_g007_288339,6elcbaqWdmv,288339
v_g007_288340,6elcbaqWdmv,288340
v_g007_288352,6elcbaqWdmv,288352
v_g007_288356,6elcbaqWdmv,288356
v_g007_288359,6elcbaqWdmv,288359
v_g007_288384,6elcbaqWdmv,288384
v_g007_288387,6elcbaqWdmv,288387
v_g007_288391,6elcbaqWdmv,288391
v_g007_288403,6elcbaqWdmv,288403
v_g007_288408,6elcbaqWdmv,288408
v_g007_288421,6elcbaqWdmv,288421
v_g007_288433,6elcbaqWdmv,288433
v_g007_288846,6elcbaqWdmv,288846
v_g007_288847,6elcbaqWdmv,288847
v_g007_288848,6elcbaqWdmv,288848
v_g007_288849,6elcbaqWdmv,288849
v_g007_288850,6elcbaqWdmv,288850
v_g007_288851,6elcbaqWdmv,288851
v_g007_288852,6elcbaqWdmv,288852
v_g007_292282,6elcbaqWdmv,292282
v_g007_292296,6elcbaqWdmv,292296
v_g007_293250,6elcbaqWdmv,293250
v_g007_293262,6elcbaqWdmv,293262
v_g007_293268,6elcbaqWdmv,293268
v_g007_293272,6elcbaqWdmv,293272
v_g007_29462,6elcbaqWdmv,29462
v_g007_296756,6elcbaqWdmv,296756
v_g007_296758,6elcbaqWdmv,296758
v_g007_296759,6elcbaqWdmv,296759
v_g007_296760,6elcbaqWdmv,296760
v_g007_296761,6elcbaqWdmv,296761
v_g007_296762,6elcbaqWdmv,296762
v_g007_296763,6elcbaqWdmv,296763
v_g007_296764,6elcbaqWdmv,296764
v_g007_296766,6elcbaqWdmv,296766
v_g007_296767,6elcbaqWdmv,296767
v_g007_296768,6elcbaqWdmv,296768
v_g007_296770,6elcbaqWdmv,296770
v_g007_296771,6elcbaqWdmv,296771
v_g007_296772,6elcbaqWdmv,296772
v_g007_296775,6elcbaqWdmv,296775
v_g007_296776,6elcbaqWdmv,296776
v_g007_296777,6elcbaqWdmv,296777
v_g007_296778,6elcbaqWdmv,296778
v_g007_296779,6elcbaqWdmv,296779
v_g007_299504,6elcbaqWdmv,299504
v_g007_299505,6elcbaqWdmv,299505
v_g007_300377,6elcbaqWdmv,300377
v_g007_300387,6elcbaqWdmv,300387
v_g007_300399,6elcbaqWdmv,300399
v_g007_301499,6elcbaqWdmv,301499
v_g007_301500,6elcbaqWdmv,301500
v_g007_301502,6elcbaqWdmv,301502
v_g007_301503,6elcbaqWdmv,301503
v_g007_301504,6elcbaqWdmv,301504
v_g007_301505,6elcbaqWdmv,301505
v_g007_301506,6elcbaqWdmv,301506
v_g007_301510,6elcbaqWdmv,301510
v_g007_301511,6elcbaqWdmv,301511
v_g007_301512,6elcbaqWdmv,301512
v_g007_301513,6elcbaqWdmv,301513
v_g007_301514,6elcbaqWdmv,301514
v_g007_301516,6elcbaqWdmv,301516
v_g007_301517,6elcbaqWdmv,301517
v_g007_301518,6elcbaqWdmv,301518
v_g007_301519,6elcbaqWdmv,301519
v_g007_301520,6elcbaqWdmv,301520
v_g007_301522,6elcbaqWdmv,301522
v_g007_301523,6elcbaqWdmv,301523
v_g007_301524,6elcbaqWdmv,301524
v_g007_302484,6elcbaqWdmv,302484
v_g007_302492,6elcbaqWdmv,302492
v_g007_303528,6elcbaqWdmv,303528
v_g007_30437,6elcbaqWdmv,30437
v_g007_30438,6elcbaqWdmv,30438
v_g007_30439,6elcbaqWdmv,30439
v_g007_30440,6elcbaqWdmv,30440
v_g007_30442,6elcbaqWdmv,30442
v_g007_30443,6elcbaqWdmv,30443
v_g007_30444,6elcbaqWdmv,30444
v_g007_30446,6elcbaqWdmv,30446
v_g007_30447,6elcbaqWdmv,30447
v_g007_30448,6elcbaqWdmv,30448
v_g007_30449,6elcbaqWdmv,30449
v_g007_30452,6elcbaqWdmv,30452
v_g007_30453,6elcbaqWdmv,30453
v_g007_304531,6elcbaqWdmv,304531
v_g007_304532,6elcbaqWdmv,304532
v_g007_304535,6elcbaqWdmv,304535
v_g007_30454,6elcbaqWdmv,30454
v_g007_304540,6elcbaqWdmv,304540
v_g007_30455,6elcbaqWdmv,30455
v_g007_30456,6elcbaqWdmv,30456
v_g007_304562,6elcbaqWdmv,304562
v_g007_30457,6elcbaqWdmv,30457
v_g007_30548,6elcbaqWdmv,30548
v_g007_30549,6elcbaqWdmv,30549
v_g007_30551,6elcbaqWdmv,30551
v_g007_30564,6elcbaqWdmv,30564
v_g007_30565,6elcbaqWdmv,30565
v_g007_306022,6elcbaqWdmv,306022
v_g007_306024,6elcbaqWdmv,306024
v_g007_306028,6elcbaqWdmv,306028
v_g007_306035,6elcbaqWdmv,306035
v_g007_306045,6elcbaqWdmv,306045
v_g007_306046,6elcbaqWdmv,306046
v_g007_307146,6elcbaqWdmv,307146
v_g007_307147,6elcbaqWdmv,307147
v_g007_307160,6elcbaqWdmv,307160
v_g007_307163,6elcbaqWdmv,307163
v_g007_307765,6elcbaqWdmv,307765
v_g007_307769,6elcbaqWdmv,307769
v_g007_307771,6elcbaqWdmv,307771
v_g007_307778,6elcbaqWdmv,307778
v_g007_307780,6elcbaqWdmv,307780
v_g007_307782,6elcbaqWdmv,307782
v_g007_307784,6elcbaqWdmv,307784
v_g007_307785,6elcbaqWdmv,307785
v_g007_308524,6elcbaqWdmv,308524
v_g007_308525,6elcbaqWdmv,308525
v_g007_308526,6elcbaqWdmv,308526
v_g007_308527,6elcbaqWdmv,308527
v_g007_308528,6elcbaqWdmv,308528
v_g007_308529,6elcbaqWdmv,308529
v_g007_308531,6elcbaqWdmv,308531
v_g007_308532,6elcbaqWdmv,308532
v_g007_308534,6elcbaqWdmv,308534
v_g007_308536,6elcbaqWdmv,308536
v_g007_308555,6elcbaqWdmv,308555
v_g007_308556,6elcbaqWdmv,308556
v_g007_308557,6elcbaqWdmv,308557
v_g007_308559,6elcbaqWdmv,308559
v_g007_310255,6elcbaqWdmv,310255
v_g007_310258,6elcbaqWdmv,310258
v_g007_310261,6elcbaqWdmv,310261
v_g007_310263,6elcbaqWdmv,310263
v_g007_310266,6elcbaqWdmv,310266
v_g007_310272,6elcbaqWdmv,310272
v_g007_310800,6elcbaqWdmv,310800
v_g007_310802,6elcbaqWdmv,310802
v_g007_310803,6elcbaqWdmv,310803
v_g007_310804,6elcbaqWdmv,310804
v_g007_310805,6elcbaqWdmv,310805
v_g007_310806,6elcbaqWdmv,310806
v_g007_310807,6elcbaqWdmv,310807
v_g007_310810,6elcbaqWdmv,310810
v_g007_310811,6elcbaqWdmv,310811
v_g007_310812,6elcbaqWdmv,310812
v_g007_313404,6elcbaqWdmv,313404
v_g007_31508,6elcbaqWdmv,31508
v_g007_31510,6elcbaqWdmv,31510
v_g007_31515,6elcbaqWdmv,31515
v_g007_31523,6elcbaqWdmv,31523
v_g007_315972,6elcbaqWdmv,315972
v_g007_315974,6elcbaqWdmv,315974
v_g007_315978,6elcbaqWdmv,315978
v_g007_315982,6elcbaqWdmv,315982
v_g007_318203,6elcbaqWdmv,318203
v_g007_318205,6elcbaqWdmv,318205
v_g007_318207,6elcbaqWdmv,318207
v_g007_318208,6elcbaqWdmv,318208
v_g007_318209,6elcbaqWdmv,318209
v_g007_318210,6elcbaqWdmv,318210
v_g007_318211,6elcbaqWdmv,318211
v_g007_318212,6elcbaqWdmv,318212
v_g007_318213,6elcbaqWdmv,318213
v_g007_318214,6elcbaqWdmv,318214
v_g007_318215,6elcbaqWdmv,318215
v_g007_318216,6elcbaqWdmv,318216
v_g007_318217,6elcbaqWdmv,318217
v_g007_318498,6elcbaqWdmv,318498
v_g007_318500,6elcbaqWdmv,318500
v_g007_318522,6elcbaqWdmv,318522
v_g007_319556,6elcbaqWdmv,319556
v_g007_319559,6elcbaqWdmv,319559
v_g007_319564,6elcbaqWdmv,319564
v_g007_319566,6elcbaqWdmv,319566
v_g007_319573,6elcbaqWdmv,319573
v_g007_320308,6elcbaqWdmv,320308
v_g007_320309,6elcbaqWdmv,320309
v_g007_320313,6elcbaqWdmv,320313
v_g007_320314,6elcbaqWdmv,320314
v_g007_320315,6elcbaqWdmv,320315
v_g007_320316,6elcbaqWdmv,320316
v_g007_320317,6elcbaqWdmv,320317
v_g007_320318,6elcbaqWdmv,320318
v_g007_320319,6elcbaqWdmv,320319
v_g007_320489,6elcbaqWdmv,320489
v_g007_320494,6elcbaqWdmv,320494
v_g007_320495,6elcbaqWdmv,320495
v_g007_320501,6elcbaqWdmv,320501
v_g007_320503,6elcbaqWdmv,320503
v_g007_320505,6elcbaqWdmv,320505
v_g007_320508,6elcbaqWdmv,320508
v_g007_321862,6elcbaqWdmv,321862
v_g007_321863,6elcbaqWdmv,321863
v_g007_321864,6elcbaqWdmv,321864
v_g007_321870,6elcbaqWdmv,321870
v_g007_321881,6elcbaqWdmv,321881
v_g007_322787,6elcbaqWdmv,322787
v_g007_322788,6elcbaqWdmv,322788
v_g007_322790,6elcbaqWdmv,322790
v_g007_322791,6elcbaqWdmv,322791
v_g007_322792,6elcbaqWdmv,322792
v_g007_322793,6elcbaqWdmv,322793
v_g007_323054,6elcbaqWdmv,323054
v_g007_323055,6elcbaqWdmv,323055
v_g007_323062,6elcbaqWdmv,323062
v_g007_32410,6elcbaqWdmv,32410
v_g007_32413,6elcbaqWdmv,32413
v_g007_32420,6elcbaqWdmv,32420
v_g007_32421,6elcbaqWdmv,32421
v_g007_32424,6elcbaqWdmv,32424
v_g007_324295,6elcbaqWdmv,324295
v_g007_324300,6elcbaqWdmv,324300
v_g007_324305,6elcbaqWdmv,324305
v_g007_324311,6elcbaqWdmv,324311
v_g007_324315,6elcbaqWdmv,324315
v_g007_324792,6elcbaqWdmv,324792
v_g007_324793,6elcbaqWdmv,324793
v_g007_324794,6elcbaqWdmv,324794
v_g007_324795,6elcbaqWdmv,324795
v_g007_325431,6elcbaqWdmv,325431
v_g007_325433,6elcbaqWdmv,325433
v_g007_325441,6elcbaqWdmv,325441
v_g007_326788,6elcbaqWdmv,326788
v_g007_326789,6elcbaqWdmv,326789
v_g007_326790,6elcbaqWdmv,326790
v_g007_326792,6elcbaqWdmv,326792
v_g007_326793,6elcbaqWdmv,326793
v_g007_326796,6elcbaqWdmv,326796
v_g007_326797,6elcbaqWdmv,326797
v_g007_326799,6elcbaqWdmv,326799
v_g007_326800,6elcbaqWdmv,326800
v_g007_326801,6elcbaqWdmv,326801
v_g007_326802,6elcbaqWdmv,326802
v_g007_326803,6elcbaqWdmv,326803
v_g007_326804,6elcbaqWdmv,326804
v_g007_326806,6elcbaqWdmv,326806
v_g007_331505,6elcbaqWdmv,331505
v_g007_331506,6elcbaqWdmv,331506
v_g007_331507,6elcbaqWdmv,331507
v_g007_331508,6elcbaqWdmv,331508
v_g007_33277,6elcbaqWdmv,33277
v_g007_33293,6elcbaqWdmv,33293
v_g007_33296,6elcbaqWdmv,33296
v_g007_33298,6elcbaqWdmv,33298
v_g007_33300,6elcbaqWdmv,33300
v_g007_34307,6elcbaqWdmv,34307
v_g007_34308,6elcbaqWdmv,34308
v_g007_34309,6elcbaqWdmv,34309
v_g007_34310,6elcbaqWdmv,34310
v_g007_34311,6elcbaqWdmv,34311
v_g007_34312,6elcbaqWdmv,34312
v_g007_34313,6elcbaqWdmv,34313
v_g007_34314,6elcbaqWdmv,34314
v_g007_34315,6elcbaqWdmv,34315
v_g007_34316,6elcbaqWdmv,34316
v_g007_34317,6elcbaqWdmv,34317
v_g007_34527,6elcbaqWdmv,34527
v_g007_34535,6elcbaqWdmv,34535
v_g007_34538,6elcbaqWdmv,34538
v_g007_34541,6elcbaqWdmv,34541
v_g007_34544,6elcbaqWdmv,34544
v_g007_34845,6elcbaqWdmv,34845
v_g007_34846,6elcbaqWdmv,34846
v_g007_34847,6elcbaqWdmv,34847
v_g007_34848,6elcbaqWdmv,34848
v_g007_34849,6elcbaqWdmv,34849
v_g007_34850,6elcbaqWdmv,34850
v_g007_34851,6elcbaqWdmv,34851
v_g007_34852,6elcbaqWdmv,34852
v_g007_34853,6elcbaqWdmv,34853
v_g007_34854,6elcbaqWdmv,34854
v_g007_34855,6elcbaqWdmv,34855
v_g007_34856,6elcbaqWdmv,34856
v_g007_34857,6elcbaqWdmv,34857
v_g007_34858,6elcbaqWdmv,34858
v_g007_36372,6elcbaqWdmv,36372
v_g007_36374,6elcbaqWdmv,36374
v_g007_36375,6elcbaqWdmv,36375
v_g007_36376,6elcbaqWdmv,36376
v_g007_36377,6elcbaqWdmv,36377
v_g007_38292,6elcbaqWdmv,38292
v_g007_38293,6elcbaqWdmv,38293
v_g007_38294,6elcbaqWdmv,38294
v_g007_38295,6elcbaqWdmv,38295
v_g007_38296,6elcbaqWdmv,38296
v_g007_38297,6elcbaqWdmv,38297
v_g007_38298,6elcbaqWdmv,38298
v_g007_38299,6elcbaqWdmv,38299
v_g007_38300,6elcbaqWdmv,38300
v_g007_38301,6elcbaqWdmv,38301
v_g007_38302,6elcbaqWdmv,38302
v_g007_38303,6elcbaqWdmv,38303
v_g007_38306,6elcbaqWdmv,38306
v_g007_38310,6elcbaqWdmv,38310
v_g007_38311,6elcbaqWdmv,38311
v_g007_38312,6elcbaqWdmv,38312
v_g007_38313,6elcbaqWdmv,38313
v_g007_38318,6elcbaqWdmv,38318
v_g007_38319,6elcbaqWdmv,38319
v_g007_38320,6elcbaqWdmv,38320
v_g007_38322,6elcbaqWdmv,38322
v_g007_38323,6elcbaqWdmv,38323
v_g007_38324,6elcbaqWdmv,38324
v_g007_38325,6elcbaqWdmv,38325
v_g007_38822,6elcbaqWdmv,38822
v_g007_38824,6elcbaqWdmv,38824
v_g007_38826,6elcbaqWdmv,38826
v_g007_38828,6elcbaqWdmv,38828
v_g007_38837,6elcbaqWdmv,38837
v_g007_40087,6elcbaqWdmv,40087
v_g007_40920,6elcbaqWdmv,40920
v_g007_40923,6elcbaqWdmv,40923
v_g007_40924,6elcbaqWdmv,40924
v_g007_40926,6elcbaqWdmv,40926
v_g007_40927,6elcbaqWdmv,40927
v_g007_40932,6elcbaqWdmv,40932
v_g007_40938,6elcbaqWdmv,40938
v_g007_40941,6elcbaqWdmv,40941
v_g007_40947,6elcbaqWdmv,40947
v_g007_41290,6elcbaqWdmv,41290
v_g007_41291,6elcbaqWdmv,41291
v_g007_41292,6elcbaqWdmv,41292
v_g007_41293,6elcbaqWdmv,41293
v_g007_41294,6elcbaqWdmv,41294
v_g007_41301,6elcbaqWdmv,41301
v_g007_41302,6elcbaqWdmv,41302
v_g007_41303,6elcbaqWdmv,41303
v_g007_41305,6elcbaqWdmv,41305
v_g007_41306,6elcbaqWdmv,41306
v_g007_41307,6elcbaqWdmv,41307
v_g007_41309,6elcbaqWdmv,41309
v_g007_41310,6elcbaqWdmv,41310
v_g007_41311,6elcbaqWdmv,41311
v_g007_41313,6elcbaqWdmv,41313
v_g007_42053,6elcbaqWdmv,42053
v_g007_42054,6elcbaqWdmv,42054
v_g007_42055,6elcbaqWdmv,42055
v_g007_42056,6elcbaqWdmv,42056
v_g007_42057,6elcbaqWdmv,42057
v_g007_42059,6elcbaqWdmv,42059
v_g007_42060,6elcbaqWdmv,42060
v_g007_42061,6elcbaqWdmv,42061
v_g007_42062,6elcbaqWdmv,42062
v_g007_42063,6elcbaqWdmv,42063
v_g007_42071,6elcbaqWdmv,42071
v_g007_42072,6elcbaqWdmv,42072
v_g007_42073,6elcbaqWdmv,42073
v_g007_42074,6elcbaqWdmv,42074
v_g007_42796,6elcbaqWdmv,42796
v_g007_44672,6elcbaqWdmv,44672
v_g007_44673,6elcbaqWdmv,44673
v_g007_44674,6elcbaqWdmv,44674
v_g007_44675,6elcbaqWdmv,44675
v_g007_44676,6elcbaqWdmv,44676
v_g007_44677,6elcbaqWdmv,44677
v_g007_44678,6elcbaqWdmv,44678
v_g007_44679,6elcbaqWdmv,44679
v_g007_44680,6elcbaqWdmv,44680
v_g007_44681,6elcbaqWdmv,44681
v_g007_44682,6elcbaqWdmv,44682
v_g007_44683,6elcbaqWdmv,44683
v_g007_44685,6elcbaqWdmv,44685
v_g007_46562,6elcbaqWdmv,46562
v_g007_47607,6elcbaqWdmv,47607
v_g007_47609,6elcbaqWdmv,47609
v_g007_47610,6elcbaqWdmv,47610
v_g007_47619,6elcbaqWdmv,47619
v_g007_47629,6elcbaqWdmv,47629
v_g007_48644,6elcbaqWdmv,48644
v_g007_48647,6elcbaqWdmv,48647
v_g007_48656,6elcbaqWdmv,48656
v_g007_51314,6elcbaqWdmv,51314
v_g007_51316,6elcbaqWdmv,51316
v_g007_51319,6elcbaqWdmv,51319
v_g007_52093,6elcbaqWdmv,52093
v_g007_52104,6elcbaqWdmv,52104
v_g007_52105,6elcbaqWdmv,52105
v_g007_52109,6elcbaqWdmv,52109
v_g007_52117,6elcbaqWdmv,52117
v_g007_52125,6elcbaqWdmv,52125
v_g007_53151,6elcbaqWdmv,53151
v_g007_54054,6elcbaqWdmv,54054
v_g007_54056,6elcbaqWdmv,54056
v_g007_54061,6elcbaqWdmv,54061
v_g007_54067,6elcbaqWdmv,54067
v_g007_55538,6elcbaqWdmv,55538
v_g007_55547,6elcbaqWdmv,55547
v_g007_55548,6elcbaqWdmv,55548
v_g007_55561,6elcbaqWdmv,55561
v_g007_5824,6elcbaqWdmv,5824
v_g007_5826,6elcbaqWdmv,5826
v_g007_5827,6elcbaqWdmv,5827
v_g007_5828,6elcbaqWdmv,5828
v_g007_5830,6elcbaqWdmv,5830
v_g007_5831,6elcbaqWdmv,5831
v_g007_5832,6elcbaqWdmv,5832
v_g007_5833,6elcbaqWdmv,5833
v_g007_5834,6elcbaqWdmv,5834
v_g007_5836,6elcbaqWdmv,5836
v_g007_5838,6elcbaqWdmv,5838
v_g007_5839,6elcbaqWdmv,5839
v_g007_5840,6elcbaqWdmv,5840
v_g007_5841,6elcbaqWdmv,5841
v_g007_58416,6elcbaqWdmv,58416
v_g007_5842,6elcbaqWdmv,5842
v_g007_5843,6elcbaqWdmv,5843
v_g007_60707,6elcbaqWdmv,60707
v_g007_60712,6elcbaqWdmv,60712
v_g007_60713,6elcbaqWdmv,60713
v_g007_60716,6elcbaqWdmv,60716
v_g007_60720,6elcbaqWdmv,60720
v_g007_60722,6elcbaqWdmv,60722
v_g007_60724,6elcbaqWdmv,60724
v_g007_6243,6elcbaqWdmv,6243
v_g007_6245,6elcbaqWdmv,6245
v_g007_6246,6elcbaqWdmv,6246
v_g007_6248,6elcbaqWdmv,6248
v_g007_6249,6elcbaqWdmv,6249
v_g007_6250,6elcbaqWdmv,6250
v_g007_6251,6elcbaqWdmv,6251
v_g007_6252,6elcbaqWdmv,6252
v_g007_62812,6elcbaqWdmv,62812
v_g007_62820,6elcbaqWdmv,62820
v_g007_62822,6elcbaqWdmv,62822
v_g007_63601,6elcbaqWdmv,63601
v_g007_63605,6elcbaqWdmv,63605
v_g007_63620,6elcbaqWdmv,63620
v_g007_64488,6elcbaqWdmv,64488
v_g007_64496,6elcbaqWdmv,64496
v_g007_64498,6elcbaqWdmv,64498
v_g007_64501,6elcbaqWdmv,64501
v_g007_64513,6elcbaqWdmv,64513
v_g007_66649,6elcbaqWdmv,66649
v_g007_66661,6elcbaqWdmv,66661
v_g007_66665,6elcbaqWdmv,66665
v_g007_66669,6elcbaqWdmv,66669
v_g007_66680,6elcbaqWdmv,66680
v_g007_67678,6elcbaqWdmv,67678
v_g007_67679,6elcbaqWdmv,67679
v_g007_67681,6elcbaqWdmv,67681
v_g007_67685,6elcbaqWdmv,67685
v_g007_67693,6elcbaqWdmv,67693
v_g007_67709,6elcbaqWdmv,67709
v_g007_67711,6elcbaqWdmv,67711
v_g007_68697,6elcbaqWdmv,68697
v_g007_68700,6elcbaqWdmv,68700
v_g007_68708,6elcbaqWdmv,68708
v_g007_68714,6elcbaqWdmv,68714
v_g007_68718,6elcbaqWdmv,68718
v_g007_68728,6elcbaqWdmv,68728
v_g007_71310,6elcbaqWdmv,71310
v_g007_71315,6elcbaqWdmv,71315
v_g007_71316,6elcbaqWdmv,71316
v_g007_71317,6elcbaqWdmv,71317
v_g007_72133,6elcbaqWdmv,72133
v_g007_72135,6elcbaqWdmv,72135
v_g007_72144,6elcbaqWdmv,72144
v_g007_72146,6elcbaqWdmv,72146
v_g007_72148,6elcbaqWdmv,72148
v_g007_73506,6elcbaqWdmv,73506
v_g007_73514,6elcbaqWdmv,73514
v_g007_73523,6elcbaqWdmv,73523
v_g007_73524,6elcbaqWdmv,73524
v_g007_73531,6elcbaqWdmv,73531
v_g007_73534,6elcbaqWdmv,73534
v_g007_74056,6elcbaqWdmv,74056
v_g007_74058,6elcbaqWdmv,74058
v_g007_74060,6elcbaqWdmv,74060
v_g007_74066,6elcbaqWdmv,74066
v_g007_74067,6elcbaqWdmv,74067
v_g007_74076,6elcbaqWdmv,74076
v_g007_74959,6elcbaqWdmv,74959
v_g007_74960,6elcbaqWdmv,74960
v_g007_74967,6elcbaqWdmv,74967
v_g007_74978,6elcbaqWdmv,74978
v_g007_74986,6elcbaqWdmv,74986
v_g007_76483,6elcbaqWdmv,76483
v_g007_76499,6elcbaqWdmv,76499
v_g007_76500,6elcbaqWdmv,76500
v_g007_76501,6elcbaqWdmv,76501
v_g007_78883,6elcbaqWdmv,78883
v_g007_78888,6elcbaqWdmv,78888
v_g007_78889,6elcbaqWdmv,78889
v_g007_78900,6elcbaqWdmv,78900
v_g007_79412,6elcbaqWdmv,79412
v_g007_79414,6elcbaqWdmv,79414
v_g007_79775,6elcbaqWdmv,79775
v_g007_79782,6elcbaqWdmv,79782
v_g007_79783,6elcbaqWdmv,79783
v_g007_79784,6elcbaqWdmv,79784
v_g007_79786,6elcbaqWdmv,79786
v_g007_80265,6elcbaqWdmv,80265
v_g007_80268,6elcbaqWdmv,80268
v_g007_80271,6elcbaqWdmv,80271
v_g007_80278,6elcbaqWdmv,80278
v_g007_80606,6elcbaqWdmv,80606
v_g007_80607,6elcbaqWdmv,80607
v_g007_80611,6elcbaqWdmv,80611
v_g007_81426,6elcbaqWdmv,81426
v_g007_81432,6elcbaqWdmv,81432
v_g007_81464,6elcbaqWdmv,81464
v_g007_81482,6elcbaqWdmv,81482
v_g007_84524,6elcbaqWdmv,84524
v_g007_84529,6elcbaqWdmv,84529
v_g007_84535,6elcbaqWdmv,84535
v_g007_85557,6elcbaqWdmv,85557
v_g007_85572,6elcbaqWdmv,85572
v_g007_8633,6elcbaqWdmv,8633
v_g007_8635,6elcbaqWdmv,8635
v_g007_8636,6elcbaqWdmv,8636
v_g007_8638,6elcbaqWdmv,8638
v_g007_8640,6elcbaqWdmv,8640
v_g007_87223,6elcbaqWdmv,87223
v_g007_87237,6elcbaqWdmv,87237
v_g007_87244,6elcbaqWdmv,87244
v_g007_88445,6elcbaqWdmv,88445
v_g007_90237,6elcbaqWdmv,90237
v_g007_90238,6elcbaqWdmv,90238
v_g007_90239,6elcbaqWdmv,90239
v_g007_90244,6elcbaqWdmv,90244
v_g007_90245,6elcbaqWdmv,90245
v_g007_90247,6elcbaqWdmv,90247
v_g007_90250,6elcbaqWdmv,90250
v_g007_90257,6elcbaqWdmv,90257
v_g007_90258,6elcbaqWdmv,90258
v_g007_91477,6elcbaqWdmv,91477
v_g007_91484,6elcbaqWdmv,91484
v_g007_91499,6elcbaqWdmv,91499
v_g007_9199,6elcbaqWdmv,9199
v_g007_9207,6elcbaqWdmv,9207
v_g007_9208,6elcbaqWdmv,9208
v_g007_92862,6elcbaqWdmv,92862
v_g007_92865,6elcbaqWdmv,92865
v_g007_92872,6elcbaqWdmv,92872
v_g007_92873,6elcbaqWdmv,92873
v_g007_92874,6elcbaqWdmv,92874
v_g007_92883,6elcbaqWdmv,92883
v_g007_92884,6elcbaqWdmv,92884
v_g007_92886,6elcbaqWdmv,92886
v_g007_93911,6elcbaqWdmv,93911
v_g007_93928,6elcbaqWdmv,93928
v_g007_95124,6elcbaqWdmv,95124
v_g007_98584,6elcbaqWdmv,98584
v_g007_98589,6elcbaqWdmv,98589
v_g007_98591,6elcbaqWdmv,98591
v_g007_98597,6elcbaqWdmv,98597
v_g007_98605,6elcbaqWdmv,98605
v_g007_98608,6elcbaqWdmv,98608
